2026-09-16 01:31:48,274 | INFO    | main | ================================================================
2026-09-16 01:31:48,274 | INFO    | main | self-learning pipeline (steps=3000, model=6L/512E, vocab=4096)
2026-09-16 01:31:48,274 | INFO    | main | ================================================================
2026-09-16 01:31:48,502 | INFO    | data_engine | buffer has 693 valid block(s); skipping seed
2026-09-16 01:31:48,502 | INFO    | main | engine: Standard PyTorch AMP (forced)
2026-09-16 01:31:48,504 | INFO    | data_engine | corpus mmap already present (corpus_5ac147a51cc3d8f2.npy)
2026-09-16 01:31:53,620 | ERROR   | main | NaN loss detected at step 3
2026-09-16 01:31:54,051 | ERROR   | main | NaN loss detected at step 3
2026-09-16 01:31:54,482 | ERROR   | main | NaN loss detected at step 3
2026-09-16 01:31:54,953 | ERROR   | main | NaN loss detected at step 3
2026-09-16 01:31:55,384 | ERROR   | main | NaN loss detected at step 3
2026-09-16 01:31:55,814 | ERROR   | main | NaN loss detected at step 3
2026-09-16 01:31:56,244 | ERROR   | main | NaN loss detected at step 3
2026-09-16 01:31:56,675 | ERROR   | main | NaN loss detected at step 3
2026-09-16 01:31:57,145 | ERROR   | main | NaN loss detected at step 3
2026-09-16 01:31:57,575 | ERROR   | main | NaN loss detected at step 3
2026-09-16 01:31:58,006 | ERROR   | main | NaN loss detected at step 3
2026-09-16 01:31:58,436 | ERROR   | main | NaN loss detected at step 3
2026-09-16 01:31:58,868 | ERROR   | main | NaN loss detected at step 3
2026-09-16 01:31:59,351 | ERROR   | main | NaN loss detected at step 3
2026-09-16 01:31:59,782 | ERROR   | main | NaN loss detected at step 3
2026-09-16 01:32:00,212 | ERROR   | main | NaN loss detected at step 3
2026-09-16 01:32:00,642 | ERROR   | main | NaN loss detected at step 3
2026-09-16 01:32:01,072 | ERROR   | main | NaN loss detected at step 3
2026-09-16 01:32:01,541 | ERROR   | main | NaN loss detected at step 3
2026-09-16 01:32:01,973 | ERROR   | main | NaN loss detected at step 3
2026-09-16 01:32:02,404 | ERROR   | main | NaN loss detected at step 3
2026-09-16 01:32:02,835 | ERROR   | main | NaN loss detected at step 3
2026-09-16 01:32:03,266 | ERROR   | main | NaN loss detected at step 3
2026-09-16 01:32:03,748 | ERROR   | main | NaN loss detected at step 3
2026-09-16 01:32:04,179 | ERROR   | main | NaN loss detected at step 3
2026-09-16 01:32:04,609 | ERROR   | main | NaN loss detected at step 3
2026-09-16 01:32:05,040 | ERROR   | main | NaN loss detected at step 3
2026-09-16 01:32:05,470 | ERROR   | main | NaN loss detected at step 3
2026-09-16 01:32:05,957 | ERROR   | main | NaN loss detected at step 3
2026-09-16 01:32:06,388 | ERROR   | main | NaN loss detected at step 3
2026-09-16 01:32:06,818 | ERROR   | main | NaN loss detected at step 3
2026-09-16 01:32:07,249 | ERROR   | main | NaN loss detected at step 3
2026-09-16 01:32:07,679 | ERROR   | main | NaN loss detected at step 3
2026-09-16 01:32:08,162 | ERROR   | main | NaN loss detected at step 3
2026-09-16 01:32:08,592 | ERROR   | main | NaN loss detected at step 3
2026-09-16 01:32:09,024 | ERROR   | main | NaN loss detected at step 3
2026-09-16 01:32:09,455 | ERROR   | main | NaN loss detected at step 3
2026-09-16 01:32:09,885 | ERROR   | main | NaN loss detected at step 3
2026-09-16 01:32:10,368 | ERROR   | main | NaN loss detected at step 3
2026-09-16 01:32:10,799 | ERROR   | main | NaN loss detected at step 3
2026-09-16 01:32:11,230 | ERROR   | main | NaN loss detected at step 3
2026-09-16 01:32:11,660 | ERROR   | main | NaN loss detected at step 3
2026-09-16 01:32:12,092 | ERROR   | main | NaN loss detected at step 3
2026-09-16 01:32:12,575 | ERROR   | main | NaN loss detected at step 3
2026-09-16 01:32:13,007 | ERROR   | main | NaN loss detected at step 3
2026-09-16 01:32:13,437 | ERROR   | main | NaN loss detected at step 3
2026-09-16 01:32:13,867 | ERROR   | main | NaN loss detected at step 3
2026-09-16 01:32:14,298 | ERROR   | main | NaN loss detected at step 3
2026-09-16 01:32:14,782 | ERROR   | main | NaN loss detected at step 3
2026-09-16 01:32:15,212 | ERROR   | main | NaN loss detected at step 3
2026-09-16 01:32:15,643 | ERROR   | main | NaN loss detected at step 3
2026-09-16 01:32:16,075 | ERROR   | main | NaN loss detected at step 3
2026-09-16 01:32:16,505 | ERROR   | main | NaN loss detected at step 3
2026-09-16 01:32:16,988 | ERROR   | main | NaN loss detected at step 3
2026-09-16 01:32:17,418 | ERROR   | main | NaN loss detected at step 3
2026-09-16 01:32:17,849 | ERROR   | main | NaN loss detected at step 3
2026-09-16 01:32:18,279 | ERROR   | main | NaN loss detected at step 3
2026-09-16 01:32:18,710 | ERROR   | main | NaN loss detected at step 3
2026-09-16 01:32:19,194 | ERROR   | main | NaN loss detected at step 3
2026-09-16 01:32:19,625 | ERROR   | main | NaN loss detected at step 3
2026-09-16 01:32:20,056 | ERROR   | main | NaN loss detected at step 3
2026-09-16 01:32:20,487 | ERROR   | main | NaN loss detected at step 3
2026-09-16 01:32:20,917 | ERROR   | main | NaN loss detected at step 3
2026-09-16 01:32:21,400 | ERROR   | main | NaN loss detected at step 3
2026-09-16 01:32:21,831 | ERROR   | main | NaN loss detected at step 3
2026-09-16 01:32:22,261 | ERROR   | main | NaN loss detected at step 3
2026-09-16 01:32:22,691 | ERROR   | main | NaN loss detected at step 3
2026-09-16 01:32:23,122 | ERROR   | main | NaN loss detected at step 3
2026-09-16 01:32:23,607 | ERROR   | main | NaN loss detected at step 3
2026-09-16 01:32:24,037 | ERROR   | main | NaN loss detected at step 3
2026-09-16 01:32:24,468 | ERROR   | main | NaN loss detected at step 3
2026-09-16 01:32:24,898 | ERROR   | main | NaN loss detected at step 3
2026-09-16 01:32:25,329 | ERROR   | main | NaN loss detected at step 3
2026-09-16 01:32:25,797 | ERROR   | main | NaN loss detected at step 3
2026-09-16 01:32:26,228 | ERROR   | main | NaN loss detected at step 3
2026-09-16 01:32:26,659 | ERROR   | main | NaN loss detected at step 3
2026-09-16 01:32:27,091 | ERROR   | main | NaN loss detected at step 3
2026-09-16 01:32:27,529 | ERROR   | main | NaN loss detected at step 3
2026-09-16 01:32:28,004 | ERROR   | main | NaN loss detected at step 3
2026-09-16 01:32:28,435 | ERROR   | main | NaN loss detected at step 3
2026-09-16 01:32:28,865 | ERROR   | main | NaN loss detected at step 3
2026-09-16 01:32:29,296 | ERROR   | main | NaN loss detected at step 3
2026-09-16 01:32:29,726 | ERROR   | main | NaN loss detected at step 3
2026-09-16 01:32:30,211 | ERROR   | main | NaN loss detected at step 3
2026-09-16 01:32:30,641 | ERROR   | main | NaN loss detected at step 3
2026-09-16 01:32:31,073 | ERROR   | main | NaN loss detected at step 3
2026-09-16 01:32:31,504 | ERROR   | main | NaN loss detected at step 3
2026-09-16 01:32:31,935 | ERROR   | main | NaN loss detected at step 3
2026-09-16 01:32:32,417 | ERROR   | main | NaN loss detected at step 3
2026-09-16 01:32:32,848 | ERROR   | main | NaN loss detected at step 3
2026-09-16 01:32:33,279 | ERROR   | main | NaN loss detected at step 3
2026-09-16 01:32:33,709 | ERROR   | main | NaN loss detected at step 3
2026-09-16 01:32:34,141 | ERROR   | main | NaN loss detected at step 3
2026-09-16 01:32:34,624 | ERROR   | main | NaN loss detected at step 3
2026-09-16 01:32:35,055 | ERROR   | main | NaN loss detected at step 3
2026-09-16 01:32:35,485 | ERROR   | main | NaN loss detected at step 3
2026-09-16 01:32:35,916 | ERROR   | main | NaN loss detected at step 3
2026-09-16 01:32:36,347 | ERROR   | main | NaN loss detected at step 3
2026-09-16 01:32:36,830 | ERROR   | main | NaN loss detected at step 3
2026-09-16 01:32:37,262 | ERROR   | main | NaN loss detected at step 3
2026-09-16 01:32:37,692 | ERROR   | main | NaN loss detected at step 3
2026-09-16 01:32:38,124 | ERROR   | main | NaN loss detected at step 3
2026-09-16 01:32:38,554 | ERROR   | main | NaN loss detected at step 3
2026-09-16 01:32:39,036 | ERROR   | main | NaN loss detected at step 3
2026-09-16 01:32:39,467 | ERROR   | main | NaN loss detected at step 3
2026-09-16 01:32:39,898 | ERROR   | main | NaN loss detected at step 3
2026-09-16 01:32:40,330 | ERROR   | main | NaN loss detected at step 3
2026-09-16 01:32:40,760 | ERROR   | main | NaN loss detected at step 3
2026-09-16 01:32:41,243 | ERROR   | main | NaN loss detected at step 3
2026-09-16 01:32:41,673 | ERROR   | main | NaN loss detected at step 3
2026-09-16 01:32:42,104 | ERROR   | main | NaN loss detected at step 3
2026-09-16 01:32:42,535 | ERROR   | main | NaN loss detected at step 3
2026-09-16 01:32:42,965 | ERROR   | main | NaN loss detected at step 3
2026-09-16 01:32:43,434 | ERROR   | main | NaN loss detected at step 3
2026-09-16 01:32:43,864 | ERROR   | main | NaN loss detected at step 3
2026-09-16 01:32:44,296 | ERROR   | main | NaN loss detected at step 3
2026-09-16 01:32:44,726 | ERROR   | main | NaN loss detected at step 3
2026-09-16 01:32:45,156 | ERROR   | main | NaN loss detected at step 3
2026-09-16 01:32:45,640 | ERROR   | main | NaN loss detected at step 3
2026-09-16 01:32:46,070 | ERROR   | main | NaN loss detected at step 3
2026-09-16 01:32:46,501 | ERROR   | main | NaN loss detected at step 3
2026-09-16 01:32:46,931 | ERROR   | main | NaN loss detected at step 3
2026-09-16 01:32:47,363 | ERROR   | main | NaN loss detected at step 3
2026-09-16 01:32:47,846 | ERROR   | main | NaN loss detected at step 3
2026-09-16 01:32:48,278 | ERROR   | main | NaN loss detected at step 3
2026-09-16 01:32:48,708 | ERROR   | main | NaN loss detected at step 3
2026-09-16 01:32:49,139 | ERROR   | main | NaN loss detected at step 3
2026-09-16 01:32:49,569 | ERROR   | main | NaN loss detected at step 3
2026-09-16 01:32:50,052 | ERROR   | main | NaN loss detected at step 3
2026-09-16 01:32:50,483 | ERROR   | main | NaN loss detected at step 3
2026-09-16 01:32:50,913 | ERROR   | main | NaN loss detected at step 3
2026-09-16 01:32:51,344 | ERROR   | main | NaN loss detected at step 3
2026-09-16 01:32:51,775 | ERROR   | main | NaN loss detected at step 3
2026-09-16 01:32:52,244 | ERROR   | main | NaN loss detected at step 3
2026-09-16 01:32:52,675 | ERROR   | main | NaN loss detected at step 3
2026-09-16 01:32:53,105 | ERROR   | main | NaN loss detected at step 3
2026-09-16 01:32:53,535 | ERROR   | main | NaN loss detected at step 3
2026-09-16 01:32:53,966 | ERROR   | main | NaN loss detected at step 3
2026-09-16 01:32:54,451 | ERROR   | main | NaN loss detected at step 3
2026-09-16 01:32:54,881 | ERROR   | main | NaN loss detected at step 3
2026-09-16 01:32:55,313 | ERROR   | main | NaN loss detected at step 3
2026-09-16 01:32:55,744 | ERROR   | main | NaN loss detected at step 3
2026-09-16 01:32:56,175 | ERROR   | main | NaN loss detected at step 3
2026-09-16 01:32:56,658 | ERROR   | main | NaN loss detected at step 3
2026-09-16 01:32:57,089 | ERROR   | main | NaN loss detected at step 3
2026-09-16 01:32:57,519 | ERROR   | main | NaN loss detected at step 3
2026-09-16 01:32:57,950 | ERROR   | main | NaN loss detected at step 3
2026-09-16 01:32:58,382 | ERROR   | main | NaN loss detected at step 3
2026-09-16 01:32:58,863 | ERROR   | main | NaN loss detected at step 3
2026-09-16 01:32:59,295 | ERROR   | main | NaN loss detected at step 3
2026-09-16 01:32:59,726 | ERROR   | main | NaN loss detected at step 3
2026-09-16 01:33:00,157 | ERROR   | main | NaN loss detected at step 3
2026-09-16 01:33:00,588 | ERROR   | main | NaN loss detected at step 3
2026-09-16 01:33:01,069 | ERROR   | main | NaN loss detected at step 3
2026-09-16 01:33:01,501 | ERROR   | main | NaN loss detected at step 3
2026-09-16 01:33:01,931 | ERROR   | main | NaN loss detected at step 3
2026-09-16 01:33:02,364 | ERROR   | main | NaN loss detected at step 3
2026-09-16 01:33:02,795 | ERROR   | main | NaN loss detected at step 3
2026-09-16 01:33:03,276 | ERROR   | main | NaN loss detected at step 3
2026-09-16 01:33:03,707 | ERROR   | main | NaN loss detected at step 3
2026-09-16 01:33:04,137 | ERROR   | main | NaN loss detected at step 3
2026-09-16 01:33:04,568 | ERROR   | main | NaN loss detected at step 3
2026-09-16 01:33:04,998 | ERROR   | main | NaN loss detected at step 3
2026-09-16 01:33:05,483 | ERROR   | main | NaN loss detected at step 3
2026-09-16 01:33:05,913 | ERROR   | main | NaN loss detected at step 3
2026-09-16 01:33:06,346 | ERROR   | main | NaN loss detected at step 3
2026-09-16 01:33:06,776 | ERROR   | main | NaN loss detected at step 3
2026-09-16 01:33:07,206 | ERROR   | main | NaN loss detected at step 3
2026-09-16 01:33:07,690 | ERROR   | main | NaN loss detected at step 3
2026-09-16 01:33:08,121 | ERROR   | main | NaN loss detected at step 3
2026-09-16 01:33:08,553 | ERROR   | main | NaN loss detected at step 3
2026-09-16 01:33:08,984 | ERROR   | main | NaN loss detected at step 3
2026-09-16 01:33:09,416 | ERROR   | main | NaN loss detected at step 3
2026-09-16 01:33:09,897 | ERROR   | main | NaN loss detected at step 3
2026-09-16 01:33:10,327 | ERROR   | main | NaN loss detected at step 3
2026-09-16 01:33:10,759 | ERROR   | main | NaN loss detected at step 3
2026-09-16 01:33:11,189 | ERROR   | main | NaN loss detected at step 3
2026-09-16 01:33:11,619 | ERROR   | main | NaN loss detected at step 3
2026-09-16 01:33:12,103 | ERROR   | main | NaN loss detected at step 3
2026-09-16 01:33:12,535 | ERROR   | main | NaN loss detected at step 3
2026-09-16 01:33:12,966 | ERROR   | main | NaN loss detected at step 3
2026-09-16 01:33:13,397 | ERROR   | main | NaN loss detected at step 3
2026-09-16 01:33:13,828 | ERROR   | main | NaN loss detected at step 3
2026-09-16 01:33:14,360 | ERROR   | main | NaN loss detected at step 3
2026-09-16 01:33:14,841 | ERROR   | main | NaN loss detected at step 3
2026-09-16 01:33:15,321 | ERROR   | main | NaN loss detected at step 3
2026-09-16 01:33:15,803 | ERROR   | main | NaN loss detected at step 3
2026-09-16 01:33:16,329 | ERROR   | main | NaN loss detected at step 3
2026-09-16 01:33:16,761 | ERROR   | main | NaN loss detected at step 3
2026-09-16 01:33:17,191 | ERROR   | main | NaN loss detected at step 3
2026-09-16 01:33:17,622 | ERROR   | main | NaN loss detected at step 3
2026-09-16 01:33:18,053 | ERROR   | main | NaN loss detected at step 3
2026-09-16 01:33:18,485 | ERROR   | main | NaN loss detected at step 3
2026-09-16 01:33:18,959 | ERROR   | main | NaN loss detected at step 3
2026-09-16 01:33:19,390 | ERROR   | main | NaN loss detected at step 3
2026-09-16 01:33:19,821 | ERROR   | main | NaN loss detected at step 3
2026-09-16 01:33:20,252 | ERROR   | main | NaN loss detected at step 3
2026-09-16 01:33:20,683 | ERROR   | main | NaN loss detected at step 3
2026-09-16 01:33:21,166 | ERROR   | main | NaN loss detected at step 3
2026-09-16 01:33:21,598 | ERROR   | main | NaN loss detected at step 3
2026-09-16 01:33:22,029 | ERROR   | main | NaN loss detected at step 3
2026-09-16 01:33:22,459 | ERROR   | main | NaN loss detected at step 3
2026-09-16 01:33:22,890 | ERROR   | main | NaN loss detected at step 3
2026-09-16 01:33:23,373 | ERROR   | main | NaN loss detected at step 3
2026-09-16 01:33:23,804 | ERROR   | main | NaN loss detected at step 3
2026-09-16 01:33:24,235 | ERROR   | main | NaN loss detected at step 3
2026-09-16 01:33:24,666 | ERROR   | main | NaN loss detected at step 3
2026-09-16 01:33:25,097 | ERROR   | main | NaN loss detected at step 3
2026-09-16 01:33:25,580 | ERROR   | main | NaN loss detected at step 3
2026-09-16 01:33:26,011 | ERROR   | main | NaN loss detected at step 3
2026-09-16 01:33:26,442 | ERROR   | main | NaN loss detected at step 3
2026-09-16 01:33:26,873 | ERROR   | main | NaN loss detected at step 3
2026-09-16 01:33:27,303 | ERROR   | main | NaN loss detected at step 3
2026-09-16 01:33:27,837 | ERROR   | main | NaN loss detected at step 3
2026-09-16 01:33:28,318 | ERROR   | main | NaN loss detected at step 3
2026-09-16 01:33:28,799 | ERROR   | main | NaN loss detected at step 3
2026-09-16 01:33:29,279 | ERROR   | main | NaN loss detected at step 3
2026-09-16 01:33:29,806 | ERROR   | main | NaN loss detected at step 3
2026-09-16 01:33:30,237 | ERROR   | main | NaN loss detected at step 3
2026-09-16 01:33:30,669 | ERROR   | main | NaN loss detected at step 3
2026-09-16 01:33:31,100 | ERROR   | main | NaN loss detected at step 3
2026-09-16 01:33:31,530 | ERROR   | main | NaN loss detected at step 3
2026-09-16 01:33:31,961 | ERROR   | main | NaN loss detected at step 3
2026-09-16 01:33:32,437 | ERROR   | main | NaN loss detected at step 3
2026-09-16 01:33:32,868 | ERROR   | main | NaN loss detected at step 3
2026-09-16 01:33:33,298 | ERROR   | main | NaN loss detected at step 3
2026-09-16 01:33:33,730 | ERROR   | main | NaN loss detected at step 3
2026-09-16 01:33:34,160 | ERROR   | main | NaN loss detected at step 3
2026-09-16 01:33:34,644 | ERROR   | main | NaN loss detected at step 3
2026-09-16 01:33:35,078 | ERROR   | main | NaN loss detected at step 3
2026-09-16 01:33:35,520 | ERROR   | main | NaN loss detected at step 3
2026-09-16 01:33:35,952 | ERROR   | main | NaN loss detected at step 3
2026-09-16 01:33:36,383 | ERROR   | main | NaN loss detected at step 3
2026-09-16 01:33:36,863 | ERROR   | main | NaN loss detected at step 3
2026-09-16 01:33:37,294 | ERROR   | main | NaN loss detected at step 3
2026-09-16 01:33:37,726 | ERROR   | main | NaN loss detected at step 3
2026-09-16 01:33:38,157 | ERROR   | main | NaN loss detected at step 3
2026-09-16 01:33:38,588 | ERROR   | main | NaN loss detected at step 3
2026-09-16 01:33:39,069 | ERROR   | main | NaN loss detected at step 3
2026-09-16 01:33:39,501 | ERROR   | main | NaN loss detected at step 3
2026-09-16 01:33:39,932 | ERROR   | main | NaN loss detected at step 3
2026-09-16 01:33:40,363 | ERROR   | main | NaN loss detected at step 3
2026-09-16 01:33:40,795 | ERROR   | main | NaN loss detected at step 3
2026-09-16 01:33:41,276 | ERROR   | main | NaN loss detected at step 3
2026-09-16 01:33:41,707 | ERROR   | main | NaN loss detected at step 3
2026-09-16 01:33:42,138 | ERROR   | main | NaN loss detected at step 3
2026-09-16 01:33:42,568 | ERROR   | main | NaN loss detected at step 3
2026-09-16 01:33:42,999 | ERROR   | main | NaN loss detected at step 3
2026-09-16 01:33:43,483 | ERROR   | main | NaN loss detected at step 3
2026-09-16 01:33:43,913 | ERROR   | main | NaN loss detected at step 3
2026-09-16 01:33:44,344 | ERROR   | main | NaN loss detected at step 3
2026-09-16 01:33:44,775 | ERROR   | main | NaN loss detected at step 3
2026-09-16 01:33:45,206 | ERROR   | main | NaN loss detected at step 3
2026-09-16 01:33:45,690 | ERROR   | main | NaN loss detected at step 3
2026-09-16 01:33:46,121 | ERROR   | main | NaN loss detected at step 3
2026-09-16 01:33:46,552 | ERROR   | main | NaN loss detected at step 3
2026-09-16 01:33:46,982 | ERROR   | main | NaN loss detected at step 3
2026-09-16 01:33:47,413 | ERROR   | main | NaN loss detected at step 3
2026-09-16 01:33:47,946 | ERROR   | main | NaN loss detected at step 3
2026-09-16 01:33:48,427 | ERROR   | main | NaN loss detected at step 3
2026-09-16 01:33:48,910 | ERROR   | main | NaN loss detected at step 3
2026-09-16 01:33:49,390 | ERROR   | main | NaN loss detected at step 3
2026-09-16 01:33:49,915 | ERROR   | main | NaN loss detected at step 3
2026-09-16 01:33:50,396 | ERROR   | main | NaN loss detected at step 3
2026-09-16 01:33:50,878 | ERROR   | main | NaN loss detected at step 3
2026-09-16 01:33:51,359 | ERROR   | main | NaN loss detected at step 3
2026-09-16 01:33:51,841 | ERROR   | main | NaN loss detected at step 3
2026-09-16 01:33:52,375 | ERROR   | main | NaN loss detected at step 3
2026-09-16 01:33:52,858 | ERROR   | main | NaN loss detected at step 3
2026-09-16 01:33:53,339 | ERROR   | main | NaN loss detected at step 3
2026-09-16 01:33:53,821 | ERROR   | main | NaN loss detected at step 3
2026-09-16 01:33:54,343 | ERROR   | main | NaN loss detected at step 3
2026-09-16 01:33:54,775 | ERROR   | main | NaN loss detected at step 3
2026-09-16 01:33:55,207 | ERROR   | main | NaN loss detected at step 3
2026-09-16 01:33:55,638 | ERROR   | main | NaN loss detected at step 3
2026-09-16 01:33:56,069 | ERROR   | main | NaN loss detected at step 3
2026-09-16 01:33:56,500 | ERROR   | main | NaN loss detected at step 3
2026-09-16 01:33:56,973 | ERROR   | main | NaN loss detected at step 3
2026-09-16 01:33:57,405 | ERROR   | main | NaN loss detected at step 3
2026-09-16 01:33:57,836 | ERROR   | main | NaN loss detected at step 3
2026-09-16 01:33:58,268 | ERROR   | main | NaN loss detected at step 3
2026-09-16 01:33:58,699 | ERROR   | main | NaN loss detected at step 3
2026-09-16 01:33:59,180 | ERROR   | main | NaN loss detected at step 3
2026-09-16 01:33:59,611 | ERROR   | main | NaN loss detected at step 3
2026-09-16 01:34:00,042 | ERROR   | main | NaN loss detected at step 3
2026-09-16 01:34:00,473 | ERROR   | main | NaN loss detected at step 3
2026-09-16 01:34:00,906 | ERROR   | main | NaN loss detected at step 3
2026-09-16 01:34:01,386 | ERROR   | main | NaN loss detected at step 3
2026-09-16 01:34:01,818 | ERROR   | main | NaN loss detected at step 3
2026-09-16 01:34:02,249 | ERROR   | main | NaN loss detected at step 3
2026-09-16 01:34:02,680 | ERROR   | main | NaN loss detected at step 3
2026-09-16 01:34:03,111 | ERROR   | main | NaN loss detected at step 3
2026-09-16 01:34:03,593 | ERROR   | main | NaN loss detected at step 3
2026-09-16 01:34:04,024 | ERROR   | main | NaN loss detected at step 3
2026-09-16 01:34:04,455 | ERROR   | main | NaN loss detected at step 3
2026-09-16 01:34:04,887 | ERROR   | main | NaN loss detected at step 3
2026-09-16 01:34:05,319 | ERROR   | main | NaN loss detected at step 3
2026-09-16 01:34:05,850 | ERROR   | main | NaN loss detected at step 3
2026-09-16 01:34:06,332 | ERROR   | main | NaN loss detected at step 3
2026-09-16 01:34:06,815 | ERROR   | main | NaN loss detected at step 3
2026-09-16 01:34:07,296 | ERROR   | main | NaN loss detected at step 3
2026-09-16 01:34:07,819 | ERROR   | main | NaN loss detected at step 3
2026-09-16 01:34:08,250 | ERROR   | main | NaN loss detected at step 3
2026-09-16 01:34:08,683 | ERROR   | main | NaN loss detected at step 3
2026-09-16 01:34:09,114 | ERROR   | main | NaN loss detected at step 3
2026-09-16 01:34:09,545 | ERROR   | main | NaN loss detected at step 3
2026-09-16 01:34:09,976 | ERROR   | main | NaN loss detected at step 3
2026-09-16 01:34:10,500 | ERROR   | main | NaN loss detected at step 3
2026-09-16 01:34:10,981 | ERROR   | main | NaN loss detected at step 3
2026-09-16 01:34:11,462 | ERROR   | main | NaN loss detected at step 3
2026-09-16 01:34:11,944 | ERROR   | main | NaN loss detected at step 3
2026-09-16 01:34:12,468 | ERROR   | main | NaN loss detected at step 3
2026-09-16 01:34:12,899 | ERROR   | main | NaN loss detected at step 3
2026-09-16 01:34:13,330 | ERROR   | main | NaN loss detected at step 3
2026-09-16 01:34:13,761 | ERROR   | main | NaN loss detected at step 3
2026-09-16 01:34:14,192 | ERROR   | main | NaN loss detected at step 3
2026-09-16 01:34:14,623 | ERROR   | main | NaN loss detected at step 3
2026-09-16 01:34:15,099 | ERROR   | main | NaN loss detected at step 3
2026-09-16 01:34:15,530 | ERROR   | main | NaN loss detected at step 3
2026-09-16 01:34:15,963 | ERROR   | main | NaN loss detected at step 3
2026-09-16 01:34:16,394 | ERROR   | main | NaN loss detected at step 3
2026-09-16 01:34:16,825 | ERROR   | main | NaN loss detected at step 3
2026-09-16 01:34:17,355 | ERROR   | main | NaN loss detected at step 3
2026-09-16 01:34:17,836 | ERROR   | main | NaN loss detected at step 3
2026-09-16 01:34:18,319 | ERROR   | main | NaN loss detected at step 3
2026-09-16 01:34:18,800 | ERROR   | main | NaN loss detected at step 3
2026-09-16 01:34:19,323 | ERROR   | main | NaN loss detected at step 3
2026-09-16 01:34:19,754 | ERROR   | main | NaN loss detected at step 3
2026-09-16 01:34:20,185 | ERROR   | main | NaN loss detected at step 3
2026-09-16 01:34:20,616 | ERROR   | main | NaN loss detected at step 3
2026-09-16 01:34:21,048 | ERROR   | main | NaN loss detected at step 3
2026-09-16 01:34:21,479 | ERROR   | main | NaN loss detected at step 3
2026-09-16 01:34:21,955 | ERROR   | main | NaN loss detected at step 3
2026-09-16 01:34:22,387 | ERROR   | main | NaN loss detected at step 3
2026-09-16 01:34:22,817 | ERROR   | main | NaN loss detected at step 3
2026-09-16 01:34:23,248 | ERROR   | main | NaN loss detected at step 3
2026-09-16 01:34:23,679 | ERROR   | main | NaN loss detected at step 3
2026-09-16 01:34:24,160 | ERROR   | main | NaN loss detected at step 3
2026-09-16 01:34:24,591 | ERROR   | main | NaN loss detected at step 3
2026-09-16 01:34:25,024 | ERROR   | main | NaN loss detected at step 3
2026-09-16 01:34:25,455 | ERROR   | main | NaN loss detected at step 3
2026-09-16 01:34:25,885 | ERROR   | main | NaN loss detected at step 3
2026-09-16 01:34:26,416 | ERROR   | main | NaN loss detected at step 3
2026-09-16 01:34:26,897 | ERROR   | main | NaN loss detected at step 3
2026-09-16 01:34:27,378 | ERROR   | main | NaN loss detected at step 3
2026-09-16 01:34:27,859 | ERROR   | main | NaN loss detected at step 3
2026-09-16 01:34:28,385 | ERROR   | main | NaN loss detected at step 3
2026-09-16 01:34:28,867 | ERROR   | main | NaN loss detected at step 3
2026-09-16 01:34:29,348 | ERROR   | main | NaN loss detected at step 3
2026-09-16 01:34:29,830 | ERROR   | main | NaN loss detected at step 3
2026-09-16 01:34:30,311 | ERROR   | main | NaN loss detected at step 3
2026-09-16 01:34:30,779 | ERROR   | main | NaN loss detected at step 3
2026-09-16 01:34:31,212 | ERROR   | main | NaN loss detected at step 3
2026-09-16 01:34:31,642 | ERROR   | main | NaN loss detected at step 3
2026-09-16 01:34:32,074 | ERROR   | main | NaN loss detected at step 3
2026-09-16 01:34:32,505 | ERROR   | main | NaN loss detected at step 3
2026-09-16 01:34:32,986 | ERROR   | main | NaN loss detected at step 3
2026-09-16 01:34:33,417 | ERROR   | main | NaN loss detected at step 3
2026-09-16 01:34:33,848 | ERROR   | main | NaN loss detected at step 3
2026-09-16 01:34:34,279 | ERROR   | main | NaN loss detected at step 3
2026-09-16 01:34:34,709 | ERROR   | main | NaN loss detected at step 3
2026-09-16 01:34:35,193 | ERROR   | main | NaN loss detected at step 3
2026-09-16 01:34:35,624 | ERROR   | main | NaN loss detected at step 3
2026-09-16 01:34:36,056 | ERROR   | main | NaN loss detected at step 3
2026-09-16 01:34:36,487 | ERROR   | main | NaN loss detected at step 3
2026-09-16 01:34:36,918 | ERROR   | main | NaN loss detected at step 3
2026-09-16 01:34:37,450 | ERROR   | main | NaN loss detected at step 3
2026-09-16 01:34:37,931 | ERROR   | main | NaN loss detected at step 3
2026-09-16 01:34:38,412 | ERROR   | main | NaN loss detected at step 3
2026-09-16 01:34:38,893 | ERROR   | main | NaN loss detected at step 3
2026-09-16 01:34:39,450 | ERROR   | main | NaN loss detected at step 3
2026-09-16 01:34:39,932 | ERROR   | main | NaN loss detected at step 3
2026-09-16 01:34:40,413 | ERROR   | main | NaN loss detected at step 3
2026-09-16 01:34:40,893 | ERROR   | main | NaN loss detected at step 3
2026-09-16 01:34:41,421 | ERROR   | main | NaN loss detected at step 3
2026-09-16 01:34:41,902 | ERROR   | main | NaN loss detected at step 3
2026-09-16 01:34:42,383 | ERROR   | main | NaN loss detected at step 3
2026-09-16 01:34:42,864 | ERROR   | main | NaN loss detected at step 3
2026-09-16 01:34:43,345 | ERROR   | main | NaN loss detected at step 3
2026-09-16 01:34:43,865 | ERROR   | main | NaN loss detected at step 3
2026-09-16 01:34:44,347 | ERROR   | main | NaN loss detected at step 3
2026-09-16 01:34:44,827 | ERROR   | main | NaN loss detected at step 3
2026-09-16 01:34:45,309 | ERROR   | main | NaN loss detected at step 3
2026-09-16 01:34:45,834 | ERROR   | main | NaN loss detected at step 3
2026-09-16 01:34:46,267 | ERROR   | main | NaN loss detected at step 3
2026-09-16 01:34:46,698 | ERROR   | main | NaN loss detected at step 3
2026-09-16 01:34:47,129 | ERROR   | main | NaN loss detected at step 3
2026-09-16 01:34:47,560 | ERROR   | main | NaN loss detected at step 3
2026-09-16 01:34:47,991 | ERROR   | main | NaN loss detected at step 3
2026-09-16 01:34:48,465 | ERROR   | main | NaN loss detected at step 3
2026-09-16 01:34:48,896 | ERROR   | main | NaN loss detected at step 3
2026-09-16 01:34:49,327 | ERROR   | main | NaN loss detected at step 3
2026-09-16 01:34:49,758 | ERROR   | main | NaN loss detected at step 3
2026-09-16 01:34:50,189 | ERROR   | main | NaN loss detected at step 3
2026-09-16 01:34:50,703 | ERROR   | main | NaN loss detected at step 3
2026-09-16 01:34:51,134 | ERROR   | main | NaN loss detected at step 3
2026-09-16 01:34:51,565 | ERROR   | main | NaN loss detected at step 3
2026-09-16 01:34:51,995 | ERROR   | main | NaN loss detected at step 3
2026-09-16 01:34:52,426 | ERROR   | main | NaN loss detected at step 3
2026-09-16 01:34:52,960 | ERROR   | main | NaN loss detected at step 3
2026-09-16 01:34:53,442 | ERROR   | main | NaN loss detected at step 3
2026-09-16 01:34:53,922 | ERROR   | main | NaN loss detected at step 3
2026-09-16 01:34:54,404 | ERROR   | main | NaN loss detected at step 3
2026-09-16 01:34:54,928 | ERROR   | main | NaN loss detected at step 3
2026-09-16 01:34:55,411 | ERROR   | main | NaN loss detected at step 3
2026-09-16 01:34:55,893 | ERROR   | main | NaN loss detected at step 3
2026-09-16 01:34:56,375 | ERROR   | main | NaN loss detected at step 3
2026-09-16 01:34:56,856 | ERROR   | main | NaN loss detected at step 3
2026-09-16 01:34:57,389 | ERROR   | main | NaN loss detected at step 3
2026-09-16 01:34:57,870 | ERROR   | main | NaN loss detected at step 3
2026-09-16 01:34:58,352 | ERROR   | main | NaN loss detected at step 3
2026-09-16 01:34:58,833 | ERROR   | main | NaN loss detected at step 3
2026-09-16 01:34:59,357 | ERROR   | main | NaN loss detected at step 3
2026-09-16 01:34:59,838 | ERROR   | main | NaN loss detected at step 3
2026-09-16 01:35:00,320 | ERROR   | main | NaN loss detected at step 3
2026-09-16 01:35:00,801 | ERROR   | main | NaN loss detected at step 3
2026-09-16 01:35:01,281 | ERROR   | main | NaN loss detected at step 3
2026-09-16 01:35:01,751 | ERROR   | main | NaN loss detected at step 3
2026-09-16 01:35:02,182 | ERROR   | main | NaN loss detected at step 3
2026-09-16 01:35:02,614 | ERROR   | main | NaN loss detected at step 3
2026-09-16 01:35:03,044 | ERROR   | main | NaN loss detected at step 3
2026-09-16 01:35:03,476 | ERROR   | main | NaN loss detected at step 3
2026-09-16 01:35:03,958 | ERROR   | main | NaN loss detected at step 3
2026-09-16 01:35:04,389 | ERROR   | main | NaN loss detected at step 3
2026-09-16 01:35:04,820 | ERROR   | main | NaN loss detected at step 3
2026-09-16 01:35:05,252 | ERROR   | main | NaN loss detected at step 3
2026-09-16 01:35:05,683 | ERROR   | main | NaN loss detected at step 3
2026-09-16 01:35:06,164 | ERROR   | main | NaN loss detected at step 3
2026-09-16 01:35:06,596 | ERROR   | main | NaN loss detected at step 3
2026-09-16 01:35:07,027 | ERROR   | main | NaN loss detected at step 3
2026-09-16 01:35:07,458 | ERROR   | main | NaN loss detected at step 3
2026-09-16 01:35:07,889 | ERROR   | main | NaN loss detected at step 3
2026-09-16 01:35:08,421 | ERROR   | main | NaN loss detected at step 3
2026-09-16 01:35:08,903 | ERROR   | main | NaN loss detected at step 3
2026-09-16 01:35:09,383 | ERROR   | main | NaN loss detected at step 3
2026-09-16 01:35:09,864 | ERROR   | main | NaN loss detected at step 3
2026-09-16 01:35:10,391 | ERROR   | main | NaN loss detected at step 3
2026-09-16 01:35:10,872 | ERROR   | main | NaN loss detected at step 3
2026-09-16 01:35:11,352 | ERROR   | main | NaN loss detected at step 3
2026-09-16 01:35:11,832 | ERROR   | main | NaN loss detected at step 3
2026-09-16 01:35:12,313 | ERROR   | main | NaN loss detected at step 3
2026-09-16 01:35:12,835 | ERROR   | main | NaN loss detected at step 3
2026-09-16 01:35:13,316 | ERROR   | main | NaN loss detected at step 3
2026-09-16 01:35:13,797 | ERROR   | main | NaN loss detected at step 3
2026-09-16 01:35:14,278 | ERROR   | main | NaN loss detected at step 3
2026-09-16 01:35:14,804 | ERROR   | main | NaN loss detected at step 3
2026-09-16 01:35:15,236 | ERROR   | main | NaN loss detected at step 3
2026-09-16 01:35:15,668 | ERROR   | main | NaN loss detected at step 3
2026-09-16 01:35:16,099 | ERROR   | main | NaN loss detected at step 3
2026-09-16 01:35:16,530 | ERROR   | main | NaN loss detected at step 3
2026-09-16 01:35:16,961 | ERROR   | main | NaN loss detected at step 3
2026-09-16 01:35:19,532 | ERROR   | main | NaN loss detected at step 3
2026-09-16 01:35:20,157 | ERROR   | main | NaN loss detected at step 3
2026-09-16 01:35:20,588 | ERROR   | main | NaN loss detected at step 3
2026-09-16 01:35:21,018 | ERROR   | main | NaN loss detected at step 3
2026-09-16 01:35:21,450 | ERROR   | main | NaN loss detected at step 3
2026-09-16 01:35:21,977 | ERROR   | main | NaN loss detected at step 3
2026-09-16 01:35:22,458 | ERROR   | main | NaN loss detected at step 3
2026-09-16 01:35:22,939 | ERROR   | main | NaN loss detected at step 3
2026-09-16 01:35:23,420 | ERROR   | main | NaN loss detected at step 3
2026-09-16 01:35:23,946 | ERROR   | main | NaN loss detected at step 3
2026-09-16 01:35:24,427 | ERROR   | main | NaN loss detected at step 3
2026-09-16 01:35:24,908 | ERROR   | main | NaN loss detected at step 3
2026-09-16 01:35:25,389 | ERROR   | main | NaN loss detected at step 3
2026-09-16 01:35:25,870 | ERROR   | main | NaN loss detected at step 3
2026-09-16 01:35:26,341 | ERROR   | main | NaN loss detected at step 3
2026-09-16 01:35:26,772 | ERROR   | main | NaN loss detected at step 3
2026-09-16 01:35:27,204 | ERROR   | main | NaN loss detected at step 3
2026-09-16 01:35:27,636 | ERROR   | main | NaN loss detected at step 3
2026-09-16 01:35:28,068 | ERROR   | main | NaN loss detected at step 3
2026-09-16 01:35:28,548 | ERROR   | main | NaN loss detected at step 3
2026-09-16 01:35:28,979 | ERROR   | main | NaN loss detected at step 3
2026-09-16 01:35:29,410 | ERROR   | main | NaN loss detected at step 3
2026-09-16 01:35:29,841 | ERROR   | main | NaN loss detected at step 3
2026-09-16 01:35:30,272 | ERROR   | main | NaN loss detected at step 3
2026-09-16 01:35:30,756 | ERROR   | main | NaN loss detected at step 3
2026-09-16 01:35:31,186 | ERROR   | main | NaN loss detected at step 3
2026-09-16 01:35:31,618 | ERROR   | main | NaN loss detected at step 3
2026-09-16 01:35:32,049 | ERROR   | main | NaN loss detected at step 3
2026-09-16 01:35:32,480 | ERROR   | main | NaN loss detected at step 3
2026-09-16 01:35:33,013 | ERROR   | main | NaN loss detected at step 3
2026-09-16 01:35:33,494 | ERROR   | main | NaN loss detected at step 3
2026-09-16 01:35:33,977 | ERROR   | main | NaN loss detected at step 3
2026-09-16 01:35:34,458 | ERROR   | main | NaN loss detected at step 3
2026-09-16 01:35:34,982 | ERROR   | main | NaN loss detected at step 3
2026-09-16 01:35:35,471 | ERROR   | main | NaN loss detected at step 3
2026-09-16 01:35:35,952 | ERROR   | main | NaN loss detected at step 3
2026-09-16 01:35:36,433 | ERROR   | main | NaN loss detected at step 3
2026-09-16 01:35:36,914 | ERROR   | main | NaN loss detected at step 3
2026-09-16 01:35:37,443 | ERROR   | main | NaN loss detected at step 3
2026-09-16 01:35:37,924 | ERROR   | main | NaN loss detected at step 3
2026-09-16 01:35:38,405 | ERROR   | main | NaN loss detected at step 3
2026-09-16 01:35:38,886 | ERROR   | main | NaN loss detected at step 3
2026-09-16 01:35:39,412 | ERROR   | main | NaN loss detected at step 3
2026-09-16 01:35:39,843 | ERROR   | main | NaN loss detected at step 3
2026-09-16 01:35:40,273 | ERROR   | main | NaN loss detected at step 3
2026-09-16 01:35:40,704 | ERROR   | main | NaN loss detected at step 3
2026-09-16 01:35:41,135 | ERROR   | main | NaN loss detected at step 3
2026-09-16 01:35:41,566 | ERROR   | main | NaN loss detected at step 3
2026-09-16 01:35:42,042 | ERROR   | main | NaN loss detected at step 3
2026-09-16 01:35:42,473 | ERROR   | main | NaN loss detected at step 3
2026-09-16 01:35:42,905 | ERROR   | main | NaN loss detected at step 3
2026-09-16 01:35:43,336 | ERROR   | main | NaN loss detected at step 3
2026-09-16 01:35:43,767 | ERROR   | main | NaN loss detected at step 3
2026-09-16 01:35:44,280 | ERROR   | main | NaN loss detected at step 3
2026-09-16 01:35:44,712 | ERROR   | main | NaN loss detected at step 3
2026-09-16 01:35:45,143 | ERROR   | main | NaN loss detected at step 3
2026-09-16 01:35:45,575 | ERROR   | main | NaN loss detected at step 3
2026-09-16 01:35:46,006 | ERROR   | main | NaN loss detected at step 3
2026-09-16 01:35:46,537 | ERROR   | main | NaN loss detected at step 3
2026-09-16 01:35:47,019 | ERROR   | main | NaN loss detected at step 3
2026-09-16 01:35:47,500 | ERROR   | main | NaN loss detected at step 3
2026-09-16 01:35:47,981 | ERROR   | main | NaN loss detected at step 3
2026-09-16 01:35:48,507 | ERROR   | main | NaN loss detected at step 3
2026-09-16 01:35:48,988 | ERROR   | main | NaN loss detected at step 3
2026-09-16 01:35:49,469 | ERROR   | main | NaN loss detected at step 3
2026-09-16 01:35:49,950 | ERROR   | main | NaN loss detected at step 3
2026-09-16 01:35:50,431 | ERROR   | main | NaN loss detected at step 3
2026-09-16 01:35:50,953 | ERROR   | main | NaN loss detected at step 3
2026-09-16 01:35:51,433 | ERROR   | main | NaN loss detected at step 3
2026-09-16 01:35:51,915 | ERROR   | main | NaN loss detected at step 3
2026-09-16 01:35:52,395 | ERROR   | main | NaN loss detected at step 3
2026-09-16 01:35:52,921 | ERROR   | main | NaN loss detected at step 3
2026-09-16 01:35:53,352 | ERROR   | main | NaN loss detected at step 3
2026-09-16 01:35:53,784 | ERROR   | main | NaN loss detected at step 3
2026-09-16 01:35:54,215 | ERROR   | main | NaN loss detected at step 3
2026-09-16 01:35:54,646 | ERROR   | main | NaN loss detected at step 3
2026-09-16 01:35:55,078 | ERROR   | main | NaN loss detected at step 3
2026-09-16 01:35:55,551 | ERROR   | main | NaN loss detected at step 3
2026-09-16 01:35:55,982 | ERROR   | main | NaN loss detected at step 3
2026-09-16 01:35:56,413 | ERROR   | main | NaN loss detected at step 3
2026-09-16 01:35:56,844 | ERROR   | main | NaN loss detected at step 3
2026-09-16 01:35:57,275 | ERROR   | main | NaN loss detected at step 3
2026-09-16 01:35:57,758 | ERROR   | main | NaN loss detected at step 3
2026-09-16 01:35:58,190 | ERROR   | main | NaN loss detected at step 3
2026-09-16 01:35:58,620 | ERROR   | main | NaN loss detected at step 3
2026-09-16 01:35:59,052 | ERROR   | main | NaN loss detected at step 3
2026-09-16 01:35:59,482 | ERROR   | main | NaN loss detected at step 3
2026-09-16 01:36:00,015 | ERROR   | main | NaN loss detected at step 3
2026-09-16 01:36:00,497 | ERROR   | main | NaN loss detected at step 3
2026-09-16 01:36:00,979 | ERROR   | main | NaN loss detected at step 3
2026-09-16 01:36:01,460 | ERROR   | main | NaN loss detected at step 3
2026-09-16 01:36:01,984 | ERROR   | main | NaN loss detected at step 3
2026-09-16 01:36:02,465 | ERROR   | main | NaN loss detected at step 3
2026-09-16 01:36:02,948 | ERROR   | main | NaN loss detected at step 3
2026-09-16 01:36:03,428 | ERROR   | main | NaN loss detected at step 3
2026-09-16 01:36:03,910 | ERROR   | main | NaN loss detected at step 3
2026-09-16 01:36:04,429 | ERROR   | main | NaN loss detected at step 3
2026-09-16 01:36:04,911 | ERROR   | main | NaN loss detected at step 3
2026-09-16 01:36:05,392 | ERROR   | main | NaN loss detected at step 3
2026-09-16 01:36:05,874 | ERROR   | main | NaN loss detected at step 3
2026-09-16 01:36:06,396 | ERROR   | main | NaN loss detected at step 3
2026-09-16 01:36:06,828 | ERROR   | main | NaN loss detected at step 3
2026-09-16 01:36:07,259 | ERROR   | main | NaN loss detected at step 3
2026-09-16 01:36:07,690 | ERROR   | main | NaN loss detected at step 3
2026-09-16 01:36:08,121 | ERROR   | main | NaN loss detected at step 3
2026-09-16 01:36:08,551 | ERROR   | main | NaN loss detected at step 3
2026-09-16 01:36:09,027 | ERROR   | main | NaN loss detected at step 3
2026-09-16 01:36:09,458 | ERROR   | main | NaN loss detected at step 3
2026-09-16 01:36:09,889 | ERROR   | main | NaN loss detected at step 3
2026-09-16 01:36:10,320 | ERROR   | main | NaN loss detected at step 3
2026-09-16 01:36:10,751 | ERROR   | main | NaN loss detected at step 3
2026-09-16 01:36:11,233 | ERROR   | main | NaN loss detected at step 3
2026-09-16 01:36:11,664 | ERROR   | main | NaN loss detected at step 3
2026-09-16 01:36:12,095 | ERROR   | main | NaN loss detected at step 3
2026-09-16 01:36:12,526 | ERROR   | main | NaN loss detected at step 3
2026-09-16 01:36:12,957 | ERROR   | main | NaN loss detected at step 3
2026-09-16 01:36:13,522 | ERROR   | main | NaN loss detected at step 3
2026-09-16 01:36:14,004 | ERROR   | main | NaN loss detected at step 3
2026-09-16 01:36:14,485 | ERROR   | main | NaN loss detected at step 3
2026-09-16 01:36:14,967 | ERROR   | main | NaN loss detected at step 3
2026-09-16 01:36:15,523 | ERROR   | main | NaN loss detected at step 3
2026-09-16 01:36:16,005 | ERROR   | main | NaN loss detected at step 3
2026-09-16 01:36:16,486 | ERROR   | main | NaN loss detected at step 3
2026-09-16 01:36:16,968 | ERROR   | main | NaN loss detected at step 3
2026-09-16 01:36:17,524 | ERROR   | main | NaN loss detected at step 3
2026-09-16 01:36:18,005 | ERROR   | main | NaN loss detected at step 3
2026-09-16 01:36:18,486 | ERROR   | main | NaN loss detected at step 3
2026-09-16 01:36:18,968 | ERROR   | main | NaN loss detected at step 3
2026-09-16 01:36:19,492 | ERROR   | main | NaN loss detected at step 3
2026-09-16 01:36:19,974 | ERROR   | main | NaN loss detected at step 3
2026-09-16 01:36:20,455 | ERROR   | main | NaN loss detected at step 3
2026-09-16 01:36:20,936 | ERROR   | main | NaN loss detected at step 3
2026-09-16 01:36:21,416 | ERROR   | main | NaN loss detected at step 3
2026-09-16 01:36:21,969 | ERROR   | main | NaN loss detected at step 3
2026-09-16 01:36:22,450 | ERROR   | main | NaN loss detected at step 3
2026-09-16 01:36:22,930 | ERROR   | main | NaN loss detected at step 3
2026-09-16 01:36:23,412 | ERROR   | main | NaN loss detected at step 3
2026-09-16 01:36:23,939 | ERROR   | main | NaN loss detected at step 3
2026-09-16 01:36:24,370 | ERROR   | main | NaN loss detected at step 3
2026-09-16 01:36:24,800 | ERROR   | main | NaN loss detected at step 3
2026-09-16 01:36:25,232 | ERROR   | main | NaN loss detected at step 3
2026-09-16 01:36:25,663 | ERROR   | main | NaN loss detected at step 3
2026-09-16 01:36:26,096 | ERROR   | main | NaN loss detected at step 3
2026-09-16 01:36:26,567 | ERROR   | main | NaN loss detected at step 3
2026-09-16 01:36:26,999 | ERROR   | main | NaN loss detected at step 3
2026-09-16 01:36:27,430 | ERROR   | main | NaN loss detected at step 3
2026-09-16 01:36:27,861 | ERROR   | main | NaN loss detected at step 3
2026-09-16 01:36:28,292 | ERROR   | main | NaN loss detected at step 3
2026-09-16 01:36:28,775 | ERROR   | main | NaN loss detected at step 3
2026-09-16 01:36:29,205 | ERROR   | main | NaN loss detected at step 3
2026-09-16 01:36:29,636 | ERROR   | main | NaN loss detected at step 3
2026-09-16 01:36:30,067 | ERROR   | main | NaN loss detected at step 3
2026-09-16 01:36:30,499 | ERROR   | main | NaN loss detected at step 3
2026-09-16 01:36:31,031 | ERROR   | main | NaN loss detected at step 3
2026-09-16 01:36:31,512 | ERROR   | main | NaN loss detected at step 3
2026-09-16 01:36:31,993 | ERROR   | main | NaN loss detected at step 3
2026-09-16 01:36:32,475 | ERROR   | main | NaN loss detected at step 3
2026-09-16 01:36:33,000 | ERROR   | main | NaN loss detected at step 3
2026-09-16 01:36:33,482 | ERROR   | main | NaN loss detected at step 3
2026-09-16 01:36:33,962 | ERROR   | main | NaN loss detected at step 3
2026-09-16 01:36:34,443 | ERROR   | main | NaN loss detected at step 3
2026-09-16 01:36:34,924 | ERROR   | main | NaN loss detected at step 3
2026-09-16 01:36:35,445 | ERROR   | main | NaN loss detected at step 3
2026-09-16 01:36:35,926 | ERROR   | main | NaN loss detected at step 3
2026-09-16 01:36:36,407 | ERROR   | main | NaN loss detected at step 3
2026-09-16 01:36:36,888 | ERROR   | main | NaN loss detected at step 3
2026-09-16 01:36:37,414 | ERROR   | main | NaN loss detected at step 3
2026-09-16 01:36:37,896 | ERROR   | main | NaN loss detected at step 3
2026-09-16 01:36:38,377 | ERROR   | main | NaN loss detected at step 3
2026-09-16 01:36:38,859 | ERROR   | main | NaN loss detected at step 3
2026-09-16 01:36:39,339 | ERROR   | main | NaN loss detected at step 3
2026-09-16 01:36:39,809 | ERROR   | main | NaN loss detected at step 3
2026-09-16 01:36:40,240 | ERROR   | main | NaN loss detected at step 3
2026-09-16 01:36:40,672 | ERROR   | main | NaN loss detected at step 3
2026-09-16 01:36:41,103 | ERROR   | main | NaN loss detected at step 3
2026-09-16 01:36:41,533 | ERROR   | main | NaN loss detected at step 3
2026-09-16 01:36:42,016 | ERROR   | main | NaN loss detected at step 3
2026-09-16 01:36:42,447 | ERROR   | main | NaN loss detected at step 3
2026-09-16 01:36:42,878 | ERROR   | main | NaN loss detected at step 3
2026-09-16 01:36:43,309 | ERROR   | main | NaN loss detected at step 3
2026-09-16 01:36:43,740 | ERROR   | main | NaN loss detected at step 3
2026-09-16 01:36:44,222 | ERROR   | main | NaN loss detected at step 3
2026-09-16 01:36:44,653 | ERROR   | main | NaN loss detected at step 3
2026-09-16 01:36:45,083 | ERROR   | main | NaN loss detected at step 3
2026-09-16 01:36:45,514 | ERROR   | main | NaN loss detected at step 3
2026-09-16 01:36:45,946 | ERROR   | main | NaN loss detected at step 3
2026-09-16 01:36:46,479 | ERROR   | main | NaN loss detected at step 3
2026-09-16 01:36:46,960 | ERROR   | main | NaN loss detected at step 3
2026-09-16 01:36:47,441 | ERROR   | main | NaN loss detected at step 3
2026-09-16 01:36:47,921 | ERROR   | main | NaN loss detected at step 3
2026-09-16 01:36:48,447 | ERROR   | main | NaN loss detected at step 3
2026-09-16 01:36:48,929 | ERROR   | main | NaN loss detected at step 3
2026-09-16 01:36:49,409 | ERROR   | main | NaN loss detected at step 3
2026-09-16 01:36:49,891 | ERROR   | main | NaN loss detected at step 3
2026-09-16 01:36:50,373 | ERROR   | main | NaN loss detected at step 3
2026-09-16 01:36:50,858 | ERROR   | main | NaN loss detected at step 3
2026-09-16 01:36:51,290 | ERROR   | main | NaN loss detected at step 3
2026-09-16 01:36:51,720 | ERROR   | main | NaN loss detected at step 3
2026-09-16 01:36:52,150 | ERROR   | main | NaN loss detected at step 3
2026-09-16 01:36:52,581 | ERROR   | main | NaN loss detected at step 3
2026-09-16 01:36:53,065 | ERROR   | main | NaN loss detected at step 3
2026-09-16 01:36:53,496 | ERROR   | main | NaN loss detected at step 3
2026-09-16 01:36:53,927 | ERROR   | main | NaN loss detected at step 3
2026-09-16 01:36:54,358 | ERROR   | main | NaN loss detected at step 3
2026-09-16 01:36:54,789 | ERROR   | main | NaN loss detected at step 3
2026-09-16 01:36:55,271 | ERROR   | main | NaN loss detected at step 3
2026-09-16 01:36:55,703 | ERROR   | main | NaN loss detected at step 3
2026-09-16 01:36:56,133 | ERROR   | main | NaN loss detected at step 3
2026-09-16 01:36:56,564 | ERROR   | main | NaN loss detected at step 3
2026-09-16 01:36:56,994 | ERROR   | main | NaN loss detected at step 3
2026-09-16 01:36:57,529 | ERROR   | main | NaN loss detected at step 3
2026-09-16 01:36:58,010 | ERROR   | main | NaN loss detected at step 3
2026-09-16 01:36:58,491 | ERROR   | main | NaN loss detected at step 3
2026-09-16 01:36:58,972 | ERROR   | main | NaN loss detected at step 3
2026-09-16 01:36:59,513 | ERROR   | main | NaN loss detected at step 3
2026-09-16 01:36:59,994 | ERROR   | main | NaN loss detected at step 3
2026-09-16 01:37:00,477 | ERROR   | main | NaN loss detected at step 3
2026-09-16 01:37:00,958 | ERROR   | main | NaN loss detected at step 3
2026-09-16 01:37:01,439 | ERROR   | main | NaN loss detected at step 3
2026-09-16 01:37:01,959 | ERROR   | main | NaN loss detected at step 3
2026-09-16 01:37:02,440 | ERROR   | main | NaN loss detected at step 3
2026-09-16 01:37:02,920 | ERROR   | main | NaN loss detected at step 3
2026-09-16 01:37:03,402 | ERROR   | main | NaN loss detected at step 3
2026-09-16 01:37:03,927 | ERROR   | main | NaN loss detected at step 3
2026-09-16 01:37:04,409 | ERROR   | main | NaN loss detected at step 3
2026-09-16 01:37:04,890 | ERROR   | main | NaN loss detected at step 3
2026-09-16 01:37:05,371 | ERROR   | main | NaN loss detected at step 3
2026-09-16 01:37:05,852 | ERROR   | main | NaN loss detected at step 3
2026-09-16 01:37:06,338 | ERROR   | main | NaN loss detected at step 3
2026-09-16 01:37:06,769 | ERROR   | main | NaN loss detected at step 3
2026-09-16 01:37:07,200 | ERROR   | main | NaN loss detected at step 3
2026-09-16 01:37:07,630 | ERROR   | main | NaN loss detected at step 3
2026-09-16 01:37:08,061 | ERROR   | main | NaN loss detected at step 3
2026-09-16 01:37:08,544 | ERROR   | main | NaN loss detected at step 3
2026-09-16 01:37:08,975 | ERROR   | main | NaN loss detected at step 3
2026-09-16 01:37:09,406 | ERROR   | main | NaN loss detected at step 3
2026-09-16 01:37:09,837 | ERROR   | main | NaN loss detected at step 3
2026-09-16 01:37:10,267 | ERROR   | main | NaN loss detected at step 3
2026-09-16 01:37:10,750 | ERROR   | main | NaN loss detected at step 3
2026-09-16 01:37:11,181 | ERROR   | main | NaN loss detected at step 3
2026-09-16 01:37:11,612 | ERROR   | main | NaN loss detected at step 3
2026-09-16 01:37:12,043 | ERROR   | main | NaN loss detected at step 3
2026-09-16 01:37:12,475 | ERROR   | main | NaN loss detected at step 3
2026-09-16 01:37:13,008 | ERROR   | main | NaN loss detected at step 3
2026-09-16 01:37:13,490 | ERROR   | main | NaN loss detected at step 3
2026-09-16 01:37:13,970 | ERROR   | main | NaN loss detected at step 3
2026-09-16 01:37:14,452 | ERROR   | main | NaN loss detected at step 3
2026-09-16 01:37:14,977 | ERROR   | main | NaN loss detected at step 3
2026-09-16 01:37:15,458 | ERROR   | main | NaN loss detected at step 3
2026-09-16 01:37:15,940 | ERROR   | main | NaN loss detected at step 3
2026-09-16 01:37:16,421 | ERROR   | main | NaN loss detected at step 3
2026-09-16 01:37:16,902 | ERROR   | main | NaN loss detected at step 3
2026-09-16 01:37:17,422 | ERROR   | main | NaN loss detected at step 3
2026-09-16 01:37:17,903 | ERROR   | main | NaN loss detected at step 3
2026-09-16 01:37:18,384 | ERROR   | main | NaN loss detected at step 3
2026-09-16 01:37:18,865 | ERROR   | main | NaN loss detected at step 3
2026-09-16 01:37:19,391 | ERROR   | main | NaN loss detected at step 3
2026-09-16 01:37:19,822 | ERROR   | main | NaN loss detected at step 3
2026-09-16 01:37:20,253 | ERROR   | main | NaN loss detected at step 3
2026-09-16 01:37:20,684 | ERROR   | main | NaN loss detected at step 3
2026-09-16 01:37:21,114 | ERROR   | main | NaN loss detected at step 3
2026-09-16 01:37:21,545 | ERROR   | main | NaN loss detected at step 3
2026-09-16 01:37:22,021 | ERROR   | main | NaN loss detected at step 3
2026-09-16 01:37:22,452 | ERROR   | main | NaN loss detected at step 3
2026-09-16 01:37:22,883 | ERROR   | main | NaN loss detected at step 3
2026-09-16 01:37:23,313 | ERROR   | main | NaN loss detected at step 3
2026-09-16 01:37:23,743 | ERROR   | main | NaN loss detected at step 3
2026-09-16 01:37:24,227 | ERROR   | main | NaN loss detected at step 3
2026-09-16 01:37:24,658 | ERROR   | main | NaN loss detected at step 3
2026-09-16 01:37:25,090 | ERROR   | main | NaN loss detected at step 3
2026-09-16 01:37:25,521 | ERROR   | main | NaN loss detected at step 3
2026-09-16 01:37:25,952 | ERROR   | main | NaN loss detected at step 3
2026-09-16 01:37:26,484 | ERROR   | main | NaN loss detected at step 3
2026-09-16 01:37:26,965 | ERROR   | main | NaN loss detected at step 3
2026-09-16 01:37:27,445 | ERROR   | main | NaN loss detected at step 3
2026-09-16 01:37:27,927 | ERROR   | main | NaN loss detected at step 3
2026-09-16 01:37:28,452 | ERROR   | main | NaN loss detected at step 3
2026-09-16 01:37:28,935 | ERROR   | main | NaN loss detected at step 3
2026-09-16 01:37:29,416 | ERROR   | main | NaN loss detected at step 3
2026-09-16 01:37:29,897 | ERROR   | main | NaN loss detected at step 3
2026-09-16 01:37:30,378 | ERROR   | main | NaN loss detected at step 3
2026-09-16 01:37:30,897 | ERROR   | main | NaN loss detected at step 3
2026-09-16 01:37:31,379 | ERROR   | main | NaN loss detected at step 3
2026-09-16 01:37:31,860 | ERROR   | main | NaN loss detected at step 3
2026-09-16 01:37:32,341 | ERROR   | main | NaN loss detected at step 3
2026-09-16 01:37:32,866 | ERROR   | main | NaN loss detected at step 3
2026-09-16 01:37:33,297 | ERROR   | main | NaN loss detected at step 3
2026-09-16 01:37:33,729 | ERROR   | main | NaN loss detected at step 3
2026-09-16 01:37:34,160 | ERROR   | main | NaN loss detected at step 3
2026-09-16 01:37:34,593 | ERROR   | main | NaN loss detected at step 3
2026-09-16 01:37:35,023 | ERROR   | main | NaN loss detected at step 3
2026-09-16 01:37:35,496 | ERROR   | main | NaN loss detected at step 3
2026-09-16 01:37:35,928 | ERROR   | main | NaN loss detected at step 3
2026-09-16 01:37:36,359 | ERROR   | main | NaN loss detected at step 3
2026-09-16 01:37:36,790 | ERROR   | main | NaN loss detected at step 3
2026-09-16 01:37:37,220 | ERROR   | main | NaN loss detected at step 3
2026-09-16 01:37:37,703 | ERROR   | main | NaN loss detected at step 3
2026-09-16 01:37:38,133 | ERROR   | main | NaN loss detected at step 3
2026-09-16 01:37:38,565 | ERROR   | main | NaN loss detected at step 3
2026-09-16 01:37:38,996 | ERROR   | main | NaN loss detected at step 3
2026-09-16 01:37:39,426 | ERROR   | main | NaN loss detected at step 3
2026-09-16 01:37:39,959 | ERROR   | main | NaN loss detected at step 3
2026-09-16 01:37:40,441 | ERROR   | main | NaN loss detected at step 3
2026-09-16 01:37:40,922 | ERROR   | main | NaN loss detected at step 3
2026-09-16 01:37:41,402 | ERROR   | main | NaN loss detected at step 3
2026-09-16 01:37:41,944 | ERROR   | main | NaN loss detected at step 3
2026-09-16 01:37:42,425 | ERROR   | main | NaN loss detected at step 3
2026-09-16 01:37:42,907 | ERROR   | main | NaN loss detected at step 3
2026-09-16 01:37:43,387 | ERROR   | main | NaN loss detected at step 3
2026-09-16 01:37:43,868 | ERROR   | main | NaN loss detected at step 3
2026-09-16 01:37:44,389 | ERROR   | main | NaN loss detected at step 3
2026-09-16 01:37:44,870 | ERROR   | main | NaN loss detected at step 3
2026-09-16 01:37:45,350 | ERROR   | main | NaN loss detected at step 3
2026-09-16 01:37:45,832 | ERROR   | main | NaN loss detected at step 3
2026-09-16 01:37:46,357 | ERROR   | main | NaN loss detected at step 3
2026-09-16 01:37:46,789 | ERROR   | main | NaN loss detected at step 3
2026-09-16 01:37:47,219 | ERROR   | main | NaN loss detected at step 3
2026-09-16 01:37:47,650 | ERROR   | main | NaN loss detected at step 3
2026-09-16 01:37:48,081 | ERROR   | main | NaN loss detected at step 3
2026-09-16 01:37:48,512 | ERROR   | main | NaN loss detected at step 3
2026-09-16 01:37:48,988 | ERROR   | main | NaN loss detected at step 3
2026-09-16 01:37:49,418 | ERROR   | main | NaN loss detected at step 3
2026-09-16 01:37:49,850 | ERROR   | main | NaN loss detected at step 3
2026-09-16 01:37:50,281 | ERROR   | main | NaN loss detected at step 3
2026-09-16 01:37:50,713 | ERROR   | main | NaN loss detected at step 3
2026-09-16 01:37:51,195 | ERROR   | main | NaN loss detected at step 3
2026-09-16 01:37:51,625 | ERROR   | main | NaN loss detected at step 3
2026-09-16 01:37:52,057 | ERROR   | main | NaN loss detected at step 3
2026-09-16 01:37:52,487 | ERROR   | main | NaN loss detected at step 3
2026-09-16 01:37:52,919 | ERROR   | main | NaN loss detected at step 3
2026-09-16 01:37:53,452 | ERROR   | main | NaN loss detected at step 3
2026-09-16 01:37:53,934 | ERROR   | main | NaN loss detected at step 3
2026-09-16 01:37:54,415 | ERROR   | main | NaN loss detected at step 3
2026-09-16 01:37:54,897 | ERROR   | main | NaN loss detected at step 3
2026-09-16 01:37:57,469 | ERROR   | main | NaN loss detected at step 3
2026-09-16 01:37:58,098 | ERROR   | main | NaN loss detected at step 3
2026-09-16 01:37:58,529 | ERROR   | main | NaN loss detected at step 3
2026-09-16 01:37:58,959 | ERROR   | main | NaN loss detected at step 3
2026-09-16 01:37:59,390 | ERROR   | main | NaN loss detected at step 3
2026-09-16 01:37:59,863 | ERROR   | main | NaN loss detected at step 3
2026-09-16 01:38:00,294 | ERROR   | main | NaN loss detected at step 3
2026-09-16 01:38:00,725 | ERROR   | main | NaN loss detected at step 3
2026-09-16 01:38:01,156 | ERROR   | main | NaN loss detected at step 3
2026-09-16 01:38:01,586 | ERROR   | main | NaN loss detected at step 3
2026-09-16 01:38:02,070 | ERROR   | main | NaN loss detected at step 3
2026-09-16 01:38:02,501 | ERROR   | main | NaN loss detected at step 3
2026-09-16 01:38:02,934 | ERROR   | main | NaN loss detected at step 3
2026-09-16 01:38:03,364 | ERROR   | main | NaN loss detected at step 3
2026-09-16 01:38:03,795 | ERROR   | main | NaN loss detected at step 3
2026-09-16 01:38:04,277 | ERROR   | main | NaN loss detected at step 3
2026-09-16 01:38:04,707 | ERROR   | main | NaN loss detected at step 3
2026-09-16 01:38:05,138 | ERROR   | main | NaN loss detected at step 3
2026-09-16 01:38:05,568 | ERROR   | main | NaN loss detected at step 3
2026-09-16 01:38:06,000 | ERROR   | main | NaN loss detected at step 3
2026-09-16 01:38:06,483 | ERROR   | main | NaN loss detected at step 3
2026-09-16 01:38:06,916 | ERROR   | main | NaN loss detected at step 3
2026-09-16 01:38:07,346 | ERROR   | main | NaN loss detected at step 3
2026-09-16 01:38:07,777 | ERROR   | main | NaN loss detected at step 3
2026-09-16 01:38:08,208 | ERROR   | main | NaN loss detected at step 3
2026-09-16 01:38:08,690 | ERROR   | main | NaN loss detected at step 3
2026-09-16 01:38:09,121 | ERROR   | main | NaN loss detected at step 3
2026-09-16 01:38:09,552 | ERROR   | main | NaN loss detected at step 3
2026-09-16 01:38:09,984 | ERROR   | main | NaN loss detected at step 3
2026-09-16 01:38:10,415 | ERROR   | main | NaN loss detected at step 3
2026-09-16 01:38:10,947 | ERROR   | main | NaN loss detected at step 3
2026-09-16 01:38:11,428 | ERROR   | main | NaN loss detected at step 3
2026-09-16 01:38:11,909 | ERROR   | main | NaN loss detected at step 3
2026-09-16 01:38:12,390 | ERROR   | main | NaN loss detected at step 3
2026-09-16 01:38:12,915 | ERROR   | main | NaN loss detected at step 3
2026-09-16 01:38:13,397 | ERROR   | main | NaN loss detected at step 3
2026-09-16 01:38:13,878 | ERROR   | main | NaN loss detected at step 3
2026-09-16 01:38:14,359 | ERROR   | main | NaN loss detected at step 3
2026-09-16 01:38:14,839 | ERROR   | main | NaN loss detected at step 3
2026-09-16 01:38:15,376 | ERROR   | main | NaN loss detected at step 3
2026-09-16 01:38:15,857 | ERROR   | main | NaN loss detected at step 3
2026-09-16 01:38:16,338 | ERROR   | main | NaN loss detected at step 3
2026-09-16 01:38:16,819 | ERROR   | main | NaN loss detected at step 3
2026-09-16 01:38:17,377 | ERROR   | main | NaN loss detected at step 3
2026-09-16 01:38:17,809 | ERROR   | main | NaN loss detected at step 3
2026-09-16 01:38:18,240 | ERROR   | main | NaN loss detected at step 3
2026-09-16 01:38:18,670 | ERROR   | main | NaN loss detected at step 3
2026-09-16 01:38:19,102 | ERROR   | main | NaN loss detected at step 3
2026-09-16 01:38:19,533 | ERROR   | main | NaN loss detected at step 3
2026-09-16 01:38:20,008 | ERROR   | main | NaN loss detected at step 3
2026-09-16 01:38:20,439 | ERROR   | main | NaN loss detected at step 3
2026-09-16 01:38:20,870 | ERROR   | main | NaN loss detected at step 3
2026-09-16 01:38:21,301 | ERROR   | main | NaN loss detected at step 3
2026-09-16 01:38:21,731 | ERROR   | main | NaN loss detected at step 3
2026-09-16 01:38:22,215 | ERROR   | main | NaN loss detected at step 3
2026-09-16 01:38:22,646 | ERROR   | main | NaN loss detected at step 3
2026-09-16 01:38:23,078 | ERROR   | main | NaN loss detected at step 3
2026-09-16 01:38:23,510 | ERROR   | main | NaN loss detected at step 3
2026-09-16 01:38:23,941 | ERROR   | main | NaN loss detected at step 3
2026-09-16 01:38:24,470 | ERROR   | main | NaN loss detected at step 3
2026-09-16 01:38:24,951 | ERROR   | main | NaN loss detected at step 3
2026-09-16 01:38:25,432 | ERROR   | main | NaN loss detected at step 3
2026-09-16 01:38:25,914 | ERROR   | main | NaN loss detected at step 3
2026-09-16 01:38:26,439 | ERROR   | main | NaN loss detected at step 3
2026-09-16 01:38:26,922 | ERROR   | main | NaN loss detected at step 3
2026-09-16 01:38:27,403 | ERROR   | main | NaN loss detected at step 3
2026-09-16 01:38:27,885 | ERROR   | main | NaN loss detected at step 3
2026-09-16 01:38:28,366 | ERROR   | main | NaN loss detected at step 3
2026-09-16 01:38:28,900 | ERROR   | main | NaN loss detected at step 3
2026-09-16 01:38:29,381 | ERROR   | main | NaN loss detected at step 3
2026-09-16 01:38:29,862 | ERROR   | main | NaN loss detected at step 3
2026-09-16 01:38:30,342 | ERROR   | main | NaN loss detected at step 3
2026-09-16 01:38:30,869 | ERROR   | main | NaN loss detected at step 3
2026-09-16 01:38:31,301 | ERROR   | main | NaN loss detected at step 3
2026-09-16 01:38:31,732 | ERROR   | main | NaN loss detected at step 3
2026-09-16 01:38:32,164 | ERROR   | main | NaN loss detected at step 3
2026-09-16 01:38:32,595 | ERROR   | main | NaN loss detected at step 3
2026-09-16 01:38:33,026 | ERROR   | main | NaN loss detected at step 3
2026-09-16 01:38:33,500 | ERROR   | main | NaN loss detected at step 3
2026-09-16 01:38:33,930 | ERROR   | main | NaN loss detected at step 3
2026-09-16 01:38:34,362 | ERROR   | main | NaN loss detected at step 3
2026-09-16 01:38:34,793 | ERROR   | main | NaN loss detected at step 3
2026-09-16 01:38:35,227 | ERROR   | main | NaN loss detected at step 3
2026-09-16 01:38:35,706 | ERROR   | main | NaN loss detected at step 3
2026-09-16 01:38:36,137 | ERROR   | main | NaN loss detected at step 3
2026-09-16 01:38:36,568 | ERROR   | main | NaN loss detected at step 3
2026-09-16 01:38:36,998 | ERROR   | main | NaN loss detected at step 3
2026-09-16 01:38:37,430 | ERROR   | main | NaN loss detected at step 3
2026-09-16 01:38:37,963 | ERROR   | main | NaN loss detected at step 3
2026-09-16 01:38:38,444 | ERROR   | main | NaN loss detected at step 3
2026-09-16 01:38:38,924 | ERROR   | main | NaN loss detected at step 3
2026-09-16 01:38:39,406 | ERROR   | main | NaN loss detected at step 3
2026-09-16 01:38:39,932 | ERROR   | main | NaN loss detected at step 3
2026-09-16 01:38:40,414 | ERROR   | main | NaN loss detected at step 3
2026-09-16 01:38:40,895 | ERROR   | main | NaN loss detected at step 3
2026-09-16 01:38:41,376 | ERROR   | main | NaN loss detected at step 3
2026-09-16 01:38:41,857 | ERROR   | main | NaN loss detected at step 3
2026-09-16 01:38:42,392 | ERROR   | main | NaN loss detected at step 3
2026-09-16 01:38:42,873 | ERROR   | main | NaN loss detected at step 3
2026-09-16 01:38:43,356 | ERROR   | main | NaN loss detected at step 3
2026-09-16 01:38:43,836 | ERROR   | main | NaN loss detected at step 3
2026-09-16 01:38:44,361 | ERROR   | main | NaN loss detected at step 3
2026-09-16 01:38:44,791 | ERROR   | main | NaN loss detected at step 3
2026-09-16 01:38:45,224 | ERROR   | main | NaN loss detected at step 3
2026-09-16 01:38:45,655 | ERROR   | main | NaN loss detected at step 3
2026-09-16 01:38:46,085 | ERROR   | main | NaN loss detected at step 3
2026-09-16 01:38:46,517 | ERROR   | main | NaN loss detected at step 3
2026-09-16 01:38:46,992 | ERROR   | main | NaN loss detected at step 3
2026-09-16 01:38:47,423 | ERROR   | main | NaN loss detected at step 3
2026-09-16 01:38:47,853 | ERROR   | main | NaN loss detected at step 3
2026-09-16 01:38:48,285 | ERROR   | main | NaN loss detected at step 3
2026-09-16 01:38:48,716 | ERROR   | main | NaN loss detected at step 3
2026-09-16 01:38:49,200 | ERROR   | main | NaN loss detected at step 3
2026-09-16 01:38:49,631 | ERROR   | main | NaN loss detected at step 3
2026-09-16 01:38:50,062 | ERROR   | main | NaN loss detected at step 3
2026-09-16 01:38:50,492 | ERROR   | main | NaN loss detected at step 3
2026-09-16 01:38:50,922 | ERROR   | main | NaN loss detected at step 3
2026-09-16 01:38:51,406 | ERROR   | main | NaN loss detected at step 3
2026-09-16 01:38:51,836 | ERROR   | main | NaN loss detected at step 3
2026-09-16 01:38:52,269 | ERROR   | main | NaN loss detected at step 3
2026-09-16 01:38:52,700 | ERROR   | main | NaN loss detected at step 3
2026-09-16 01:38:53,131 | ERROR   | main | NaN loss detected at step 3
2026-09-16 01:38:53,628 | ERROR   | main | NaN loss detected at step 3
2026-09-16 01:38:54,059 | ERROR   | main | NaN loss detected at step 3
2026-09-16 01:38:54,490 | ERROR   | main | NaN loss detected at step 3
2026-09-16 01:38:54,921 | ERROR   | main | NaN loss detected at step 3
2026-09-16 01:38:55,353 | ERROR   | main | NaN loss detected at step 3
2026-09-16 01:38:55,884 | ERROR   | main | NaN loss detected at step 3
2026-09-16 01:38:56,365 | ERROR   | main | NaN loss detected at step 3
2026-09-16 01:38:56,846 | ERROR   | main | NaN loss detected at step 3
2026-09-16 01:38:57,327 | ERROR   | main | NaN loss detected at step 3
2026-09-16 01:38:57,853 | ERROR   | main | NaN loss detected at step 3
2026-09-16 01:38:58,285 | ERROR   | main | NaN loss detected at step 3
2026-09-16 01:38:58,716 | ERROR   | main | NaN loss detected at step 3
2026-09-16 01:38:59,147 | ERROR   | main | NaN loss detected at step 3
2026-09-16 01:38:59,579 | ERROR   | main | NaN loss detected at step 3
2026-09-16 01:39:00,009 | ERROR   | main | NaN loss detected at step 3
2026-09-16 01:39:00,483 | ERROR   | main | NaN loss detected at step 3
2026-09-16 01:39:00,914 | ERROR   | main | NaN loss detected at step 3
2026-09-16 01:39:01,346 | ERROR   | main | NaN loss detected at step 3
2026-09-16 01:39:01,776 | ERROR   | main | NaN loss detected at step 3
2026-09-16 01:39:02,207 | ERROR   | main | NaN loss detected at step 3
2026-09-16 01:39:02,690 | ERROR   | main | NaN loss detected at step 3
2026-09-16 01:39:03,121 | ERROR   | main | NaN loss detected at step 3
2026-09-16 01:39:03,552 | ERROR   | main | NaN loss detected at step 3
2026-09-16 01:39:03,983 | ERROR   | main | NaN loss detected at step 3
2026-09-16 01:39:04,414 | ERROR   | main | NaN loss detected at step 3
2026-09-16 01:39:04,947 | ERROR   | main | NaN loss detected at step 3
2026-09-16 01:39:05,430 | ERROR   | main | NaN loss detected at step 3
2026-09-16 01:39:05,911 | ERROR   | main | NaN loss detected at step 3
2026-09-16 01:39:06,394 | ERROR   | main | NaN loss detected at step 3
2026-09-16 01:39:06,916 | ERROR   | main | NaN loss detected at step 3
2026-09-16 01:39:07,398 | ERROR   | main | NaN loss detected at step 3
2026-09-16 01:39:07,879 | ERROR   | main | NaN loss detected at step 3
2026-09-16 01:39:08,359 | ERROR   | main | NaN loss detected at step 3
2026-09-16 01:39:08,841 | ERROR   | main | NaN loss detected at step 3
2026-09-16 01:39:09,360 | ERROR   | main | NaN loss detected at step 3
2026-09-16 01:39:09,841 | ERROR   | main | NaN loss detected at step 3
2026-09-16 01:39:10,322 | ERROR   | main | NaN loss detected at step 3
2026-09-16 01:39:10,803 | ERROR   | main | NaN loss detected at step 3
2026-09-16 01:39:11,329 | ERROR   | main | NaN loss detected at step 3
2026-09-16 01:39:11,760 | ERROR   | main | NaN loss detected at step 3
2026-09-16 01:39:12,191 | ERROR   | main | NaN loss detected at step 3
2026-09-16 01:39:12,622 | ERROR   | main | NaN loss detected at step 3
2026-09-16 01:39:13,053 | ERROR   | main | NaN loss detected at step 3
2026-09-16 01:39:13,484 | ERROR   | main | NaN loss detected at step 3
2026-09-16 01:39:13,959 | ERROR   | main | NaN loss detected at step 3
2026-09-16 01:39:14,389 | ERROR   | main | NaN loss detected at step 3
2026-09-16 01:39:14,820 | ERROR   | main | NaN loss detected at step 3
2026-09-16 01:39:15,251 | ERROR   | main | NaN loss detected at step 3
2026-09-16 01:39:15,682 | ERROR   | main | NaN loss detected at step 3
2026-09-16 01:39:16,150 | ERROR   | main | NaN loss detected at step 3
2026-09-16 01:39:16,583 | ERROR   | main | NaN loss detected at step 3
2026-09-16 01:39:17,014 | ERROR   | main | NaN loss detected at step 3
2026-09-16 01:39:17,445 | ERROR   | main | NaN loss detected at step 3
2026-09-16 01:39:17,876 | ERROR   | main | NaN loss detected at step 3
2026-09-16 01:39:18,407 | ERROR   | main | NaN loss detected at step 3
2026-09-16 01:39:18,888 | ERROR   | main | NaN loss detected at step 3
2026-09-16 01:39:19,369 | ERROR   | main | NaN loss detected at step 3
2026-09-16 01:39:19,850 | ERROR   | main | NaN loss detected at step 3
2026-09-16 01:39:20,376 | ERROR   | main | NaN loss detected at step 3
2026-09-16 01:39:20,857 | ERROR   | main | NaN loss detected at step 3
2026-09-16 01:39:21,338 | ERROR   | main | NaN loss detected at step 3
2026-09-16 01:39:21,819 | ERROR   | main | NaN loss detected at step 3
2026-09-16 01:39:22,300 | ERROR   | main | NaN loss detected at step 3
2026-09-16 01:39:22,771 | ERROR   | main | NaN loss detected at step 3
2026-09-16 01:39:23,202 | ERROR   | main | NaN loss detected at step 3
2026-09-16 01:39:23,634 | ERROR   | main | NaN loss detected at step 3
2026-09-16 01:39:24,064 | ERROR   | main | NaN loss detected at step 3
2026-09-16 01:39:24,496 | ERROR   | main | NaN loss detected at step 3
2026-09-16 01:39:24,977 | ERROR   | main | NaN loss detected at step 3
2026-09-16 01:39:25,408 | ERROR   | main | NaN loss detected at step 3
2026-09-16 01:39:25,839 | ERROR   | main | NaN loss detected at step 3
2026-09-16 01:39:26,270 | ERROR   | main | NaN loss detected at step 3
2026-09-16 01:39:26,702 | ERROR   | main | NaN loss detected at step 3
2026-09-16 01:39:27,214 | ERROR   | main | NaN loss detected at step 3
2026-09-16 01:39:27,647 | ERROR   | main | NaN loss detected at step 3
2026-09-16 01:39:28,077 | ERROR   | main | NaN loss detected at step 3
2026-09-16 01:39:28,508 | ERROR   | main | NaN loss detected at step 3
2026-09-16 01:39:28,939 | ERROR   | main | NaN loss detected at step 3
2026-09-16 01:39:29,472 | ERROR   | main | NaN loss detected at step 3
2026-09-16 01:39:29,953 | ERROR   | main | NaN loss detected at step 3
2026-09-16 01:39:30,433 | ERROR   | main | NaN loss detected at step 3
2026-09-16 01:39:30,914 | ERROR   | main | NaN loss detected at step 3
2026-09-16 01:39:31,440 | ERROR   | main | NaN loss detected at step 3
2026-09-16 01:39:31,922 | ERROR   | main | NaN loss detected at step 3
2026-09-16 01:39:32,402 | ERROR   | main | NaN loss detected at step 3
2026-09-16 01:39:32,883 | ERROR   | main | NaN loss detected at step 3
2026-09-16 01:39:33,363 | ERROR   | main | NaN loss detected at step 3
2026-09-16 01:39:33,886 | ERROR   | main | NaN loss detected at step 3
2026-09-16 01:39:34,366 | ERROR   | main | NaN loss detected at step 3
2026-09-16 01:39:34,848 | ERROR   | main | NaN loss detected at step 3
2026-09-16 01:39:35,329 | ERROR   | main | NaN loss detected at step 3
2026-09-16 01:39:35,854 | ERROR   | main | NaN loss detected at step 3
2026-09-16 01:39:36,335 | ERROR   | main | NaN loss detected at step 3
2026-09-16 01:39:36,818 | ERROR   | main | NaN loss detected at step 3
2026-09-16 01:39:37,299 | ERROR   | main | NaN loss detected at step 3
2026-09-16 01:39:37,781 | ERROR   | main | NaN loss detected at step 3
2026-09-16 01:39:38,264 | ERROR   | main | NaN loss detected at step 3
2026-09-16 01:39:38,696 | ERROR   | main | NaN loss detected at step 3
2026-09-16 01:39:39,127 | ERROR   | main | NaN loss detected at step 3
2026-09-16 01:39:39,557 | ERROR   | main | NaN loss detected at step 3
2026-09-16 01:39:39,988 | ERROR   | main | NaN loss detected at step 3
2026-09-16 01:39:40,522 | ERROR   | main | NaN loss detected at step 3
2026-09-16 01:39:41,004 | ERROR   | main | NaN loss detected at step 3
2026-09-16 01:39:41,485 | ERROR   | main | NaN loss detected at step 3
2026-09-16 01:39:41,967 | ERROR   | main | NaN loss detected at step 3
2026-09-16 01:39:42,490 | ERROR   | main | NaN loss detected at step 3
2026-09-16 01:39:42,972 | ERROR   | main | NaN loss detected at step 3
2026-09-16 01:39:43,453 | ERROR   | main | NaN loss detected at step 3
2026-09-16 01:39:43,934 | ERROR   | main | NaN loss detected at step 3
2026-09-16 01:39:44,415 | ERROR   | main | NaN loss detected at step 3
2026-09-16 01:39:44,900 | ERROR   | main | NaN loss detected at step 3
2026-09-16 01:39:45,330 | ERROR   | main | NaN loss detected at step 3
2026-09-16 01:39:45,761 | ERROR   | main | NaN loss detected at step 3
2026-09-16 01:39:46,192 | ERROR   | main | NaN loss detected at step 3
2026-09-16 01:39:46,623 | ERROR   | main | NaN loss detected at step 3
2026-09-16 01:39:47,107 | ERROR   | main | NaN loss detected at step 3
2026-09-16 01:39:47,538 | ERROR   | main | NaN loss detected at step 3
2026-09-16 01:39:47,969 | ERROR   | main | NaN loss detected at step 3
2026-09-16 01:39:48,400 | ERROR   | main | NaN loss detected at step 3
2026-09-16 01:39:48,832 | ERROR   | main | NaN loss detected at step 3
2026-09-16 01:39:49,313 | ERROR   | main | NaN loss detected at step 3
2026-09-16 01:39:49,746 | ERROR   | main | NaN loss detected at step 3
2026-09-16 01:39:50,176 | ERROR   | main | NaN loss detected at step 3
2026-09-16 01:39:50,607 | ERROR   | main | NaN loss detected at step 3
2026-09-16 01:39:51,037 | ERROR   | main | NaN loss detected at step 3
2026-09-16 01:39:51,570 | ERROR   | main | NaN loss detected at step 3
2026-09-16 01:39:52,051 | ERROR   | main | NaN loss detected at step 3
2026-09-16 01:39:52,532 | ERROR   | main | NaN loss detected at step 3
2026-09-16 01:39:53,013 | ERROR   | main | NaN loss detected at step 3
2026-09-16 01:39:53,538 | ERROR   | main | NaN loss detected at step 3
2026-09-16 01:39:54,020 | ERROR   | main | NaN loss detected at step 3
2026-09-16 01:39:54,501 | ERROR   | main | NaN loss detected at step 3
2026-09-16 01:39:54,983 | ERROR   | main | NaN loss detected at step 3
2026-09-16 01:39:55,464 | ERROR   | main | NaN loss detected at step 3
2026-09-16 01:39:56,000 | ERROR   | main | NaN loss detected at step 3
2026-09-16 01:39:56,480 | ERROR   | main | NaN loss detected at step 3
2026-09-16 01:39:56,963 | ERROR   | main | NaN loss detected at step 3
2026-09-16 01:39:57,443 | ERROR   | main | NaN loss detected at step 3
2026-09-16 01:39:57,968 | ERROR   | main | NaN loss detected at step 3
2026-09-16 01:39:58,449 | ERROR   | main | NaN loss detected at step 3
2026-09-16 01:39:58,931 | ERROR   | main | NaN loss detected at step 3
2026-09-16 01:39:59,412 | ERROR   | main | NaN loss detected at step 3
2026-09-16 01:39:59,894 | ERROR   | main | NaN loss detected at step 3
2026-09-16 01:40:00,393 | ERROR   | main | NaN loss detected at step 3
2026-09-16 01:40:00,824 | ERROR   | main | NaN loss detected at step 3
2026-09-16 01:40:01,256 | ERROR   | main | NaN loss detected at step 3
2026-09-16 01:40:01,686 | ERROR   | main | NaN loss detected at step 3
2026-09-16 01:40:02,117 | ERROR   | main | NaN loss detected at step 3
2026-09-16 01:40:02,601 | ERROR   | main | NaN loss detected at step 3
2026-09-16 01:40:03,032 | ERROR   | main | NaN loss detected at step 3
2026-09-16 01:40:03,463 | ERROR   | main | NaN loss detected at step 3
2026-09-16 01:40:03,895 | ERROR   | main | NaN loss detected at step 3
2026-09-16 01:40:04,327 | ERROR   | main | NaN loss detected at step 3
2026-09-16 01:40:04,808 | ERROR   | main | NaN loss detected at step 3
2026-09-16 01:40:05,240 | ERROR   | main | NaN loss detected at step 3
2026-09-16 01:40:05,671 | ERROR   | main | NaN loss detected at step 3
2026-09-16 01:40:06,102 | ERROR   | main | NaN loss detected at step 3
2026-09-16 01:40:06,534 | ERROR   | main | NaN loss detected at step 3
2026-09-16 01:40:07,063 | ERROR   | main | NaN loss detected at step 3
2026-09-16 01:40:07,544 | ERROR   | main | NaN loss detected at step 3
2026-09-16 01:40:08,026 | ERROR   | main | NaN loss detected at step 3
2026-09-16 01:40:08,507 | ERROR   | main | NaN loss detected at step 3
2026-09-16 01:40:09,032 | ERROR   | main | NaN loss detected at step 3
2026-09-16 01:40:09,513 | ERROR   | main | NaN loss detected at step 3
2026-09-16 01:40:09,995 | ERROR   | main | NaN loss detected at step 3
2026-09-16 01:40:10,476 | ERROR   | main | NaN loss detected at step 3
2026-09-16 01:40:10,957 | ERROR   | main | NaN loss detected at step 3
2026-09-16 01:40:11,493 | ERROR   | main | NaN loss detected at step 3
2026-09-16 01:40:11,974 | ERROR   | main | NaN loss detected at step 3
2026-09-16 01:40:12,455 | ERROR   | main | NaN loss detected at step 3
2026-09-16 01:40:12,937 | ERROR   | main | NaN loss detected at step 3
2026-09-16 01:40:13,461 | ERROR   | main | NaN loss detected at step 3
2026-09-16 01:40:13,944 | ERROR   | main | NaN loss detected at step 3
2026-09-16 01:40:14,424 | ERROR   | main | NaN loss detected at step 3
2026-09-16 01:40:14,905 | ERROR   | main | NaN loss detected at step 3
2026-09-16 01:40:15,386 | ERROR   | main | NaN loss detected at step 3
2026-09-16 01:40:15,855 | ERROR   | main | NaN loss detected at step 3
2026-09-16 01:40:16,286 | ERROR   | main | NaN loss detected at step 3
2026-09-16 01:40:16,717 | ERROR   | main | NaN loss detected at step 3
2026-09-16 01:40:17,148 | ERROR   | main | NaN loss detected at step 3
2026-09-16 01:40:17,579 | ERROR   | main | NaN loss detected at step 3
2026-09-16 01:40:18,062 | ERROR   | main | NaN loss detected at step 3
2026-09-16 01:40:18,493 | ERROR   | main | NaN loss detected at step 3
2026-09-16 01:40:18,925 | ERROR   | main | NaN loss detected at step 3
2026-09-16 01:40:19,356 | ERROR   | main | NaN loss detected at step 3
2026-09-16 01:40:19,786 | ERROR   | main | NaN loss detected at step 3
2026-09-16 01:40:20,284 | ERROR   | main | NaN loss detected at step 3
2026-09-16 01:40:20,716 | ERROR   | main | NaN loss detected at step 3
2026-09-16 01:40:21,147 | ERROR   | main | NaN loss detected at step 3
2026-09-16 01:40:21,577 | ERROR   | main | NaN loss detected at step 3
2026-09-16 01:40:22,009 | ERROR   | main | NaN loss detected at step 3
2026-09-16 01:40:22,541 | ERROR   | main | NaN loss detected at step 3
2026-09-16 01:40:23,023 | ERROR   | main | NaN loss detected at step 3
2026-09-16 01:40:23,504 | ERROR   | main | NaN loss detected at step 3
2026-09-16 01:40:23,986 | ERROR   | main | NaN loss detected at step 3
2026-09-16 01:40:24,509 | ERROR   | main | NaN loss detected at step 3
2026-09-16 01:40:24,991 | ERROR   | main | NaN loss detected at step 3
2026-09-16 01:40:25,472 | ERROR   | main | NaN loss detected at step 3
2026-09-16 01:40:25,952 | ERROR   | main | NaN loss detected at step 3
2026-09-16 01:40:26,433 | ERROR   | main | NaN loss detected at step 3
2026-09-16 01:40:26,935 | ERROR   | main | NaN loss detected at step 3
2026-09-16 01:40:27,365 | ERROR   | main | NaN loss detected at step 3
2026-09-16 01:40:27,797 | ERROR   | main | NaN loss detected at step 3
2026-09-16 01:40:28,228 | ERROR   | main | NaN loss detected at step 3
2026-09-16 01:40:28,659 | ERROR   | main | NaN loss detected at step 3
2026-09-16 01:40:29,142 | ERROR   | main | NaN loss detected at step 3
2026-09-16 01:40:29,572 | ERROR   | main | NaN loss detected at step 3
2026-09-16 01:40:30,004 | ERROR   | main | NaN loss detected at step 3
2026-09-16 01:40:30,435 | ERROR   | main | NaN loss detected at step 3
2026-09-16 01:40:30,866 | ERROR   | main | NaN loss detected at step 3
2026-09-16 01:40:31,398 | ERROR   | main | NaN loss detected at step 3
2026-09-16 01:40:31,879 | ERROR   | main | NaN loss detected at step 3
2026-09-16 01:40:32,361 | ERROR   | main | NaN loss detected at step 3
2026-09-16 01:40:32,842 | ERROR   | main | NaN loss detected at step 3
2026-09-16 01:40:33,368 | ERROR   | main | NaN loss detected at step 3
2026-09-16 01:40:33,800 | ERROR   | main | NaN loss detected at step 3
2026-09-16 01:40:34,231 | ERROR   | main | NaN loss detected at step 3
2026-09-16 01:40:34,661 | ERROR   | main | NaN loss detected at step 3
2026-09-16 01:40:35,092 | ERROR   | main | NaN loss detected at step 3
2026-09-16 01:40:35,523 | ERROR   | main | NaN loss detected at step 3
2026-09-16 01:40:36,083 | ERROR   | main | NaN loss detected at step 3
2026-09-16 01:40:36,564 | ERROR   | main | NaN loss detected at step 3
2026-09-16 01:40:37,044 | ERROR   | main | NaN loss detected at step 3
2026-09-16 01:40:37,525 | ERROR   | main | NaN loss detected at step 3
2026-09-16 01:40:38,084 | ERROR   | main | NaN loss detected at step 3
2026-09-16 01:40:38,565 | ERROR   | main | NaN loss detected at step 3
2026-09-16 01:40:39,046 | ERROR   | main | NaN loss detected at step 3
2026-09-16 01:40:39,527 | ERROR   | main | NaN loss detected at step 3
2026-09-16 01:40:40,054 | ERROR   | main | NaN loss detected at step 3
2026-09-16 01:40:40,535 | ERROR   | main | NaN loss detected at step 3
2026-09-16 01:40:41,016 | ERROR   | main | NaN loss detected at step 3
2026-09-16 01:40:41,497 | ERROR   | main | NaN loss detected at step 3
2026-09-16 01:40:42,038 | ERROR   | main | NaN loss detected at step 3
2026-09-16 01:40:42,519 | ERROR   | main | NaN loss detected at step 3
2026-09-16 01:40:43,000 | ERROR   | main | NaN loss detected at step 3
2026-09-16 01:40:43,481 | ERROR   | main | NaN loss detected at step 3
2026-09-16 01:40:43,962 | ERROR   | main | NaN loss detected at step 3
2026-09-16 01:40:44,483 | ERROR   | main | NaN loss detected at step 3
2026-09-16 01:40:44,964 | ERROR   | main | NaN loss detected at step 3
2026-09-16 01:40:45,445 | ERROR   | main | NaN loss detected at step 3
2026-09-16 01:40:45,926 | ERROR   | main | NaN loss detected at step 3
2026-09-16 01:40:46,453 | ERROR   | main | NaN loss detected at step 3
2026-09-16 01:40:46,934 | ERROR   | main | NaN loss detected at step 3
2026-09-16 01:40:47,415 | ERROR   | main | NaN loss detected at step 3
2026-09-16 01:40:47,895 | ERROR   | main | NaN loss detected at step 3
2026-09-16 01:40:48,377 | ERROR   | main | NaN loss detected at step 3
2026-09-16 01:40:48,847 | ERROR   | main | NaN loss detected at step 3
2026-09-16 01:40:49,279 | ERROR   | main | NaN loss detected at step 3
2026-09-16 01:40:49,710 | ERROR   | main | NaN loss detected at step 3
2026-09-16 01:40:50,141 | ERROR   | main | NaN loss detected at step 3
2026-09-16 01:40:50,572 | ERROR   | main | NaN loss detected at step 3
2026-09-16 01:40:51,055 | ERROR   | main | NaN loss detected at step 3
2026-09-16 01:40:51,486 | ERROR   | main | NaN loss detected at step 3
2026-09-16 01:40:51,916 | ERROR   | main | NaN loss detected at step 3
2026-09-16 01:40:52,348 | ERROR   | main | NaN loss detected at step 3
2026-09-16 01:40:52,780 | ERROR   | main | NaN loss detected at step 3
2026-09-16 01:40:53,261 | ERROR   | main | NaN loss detected at step 3
2026-09-16 01:40:53,692 | ERROR   | main | NaN loss detected at step 3
2026-09-16 01:40:54,123 | ERROR   | main | NaN loss detected at step 3
2026-09-16 01:40:54,554 | ERROR   | main | NaN loss detected at step 3
2026-09-16 01:40:54,987 | ERROR   | main | NaN loss detected at step 3
2026-09-16 01:40:55,518 | ERROR   | main | NaN loss detected at step 3
2026-09-16 01:40:55,999 | ERROR   | main | NaN loss detected at step 3
2026-09-16 01:40:56,480 | ERROR   | main | NaN loss detected at step 3
2026-09-16 01:40:56,961 | ERROR   | main | NaN loss detected at step 3
2026-09-16 01:40:57,487 | ERROR   | main | NaN loss detected at step 3
2026-09-16 01:40:57,968 | ERROR   | main | NaN loss detected at step 3
2026-09-16 01:40:58,450 | ERROR   | main | NaN loss detected at step 3
2026-09-16 01:40:58,930 | ERROR   | main | NaN loss detected at step 3
2026-09-16 01:40:59,411 | ERROR   | main | NaN loss detected at step 3
2026-09-16 01:40:59,931 | ERROR   | main | NaN loss detected at step 3
2026-09-16 01:41:00,413 | ERROR   | main | NaN loss detected at step 3
2026-09-16 01:41:00,893 | ERROR   | main | NaN loss detected at step 3
2026-09-16 01:41:01,377 | ERROR   | main | NaN loss detected at step 3
2026-09-16 01:41:01,899 | ERROR   | main | NaN loss detected at step 3
2026-09-16 01:41:02,332 | ERROR   | main | NaN loss detected at step 3
2026-09-16 01:41:02,763 | ERROR   | main | NaN loss detected at step 3
2026-09-16 01:41:03,193 | ERROR   | main | NaN loss detected at step 3
2026-09-16 01:41:03,624 | ERROR   | main | NaN loss detected at step 3
2026-09-16 01:41:04,055 | ERROR   | main | NaN loss detected at step 3
2026-09-16 01:41:04,579 | ERROR   | main | NaN loss detected at step 3
2026-09-16 01:41:05,060 | ERROR   | main | NaN loss detected at step 3
2026-09-16 01:41:05,541 | ERROR   | main | NaN loss detected at step 3
2026-09-16 01:41:06,023 | ERROR   | main | NaN loss detected at step 3
2026-09-16 01:41:06,547 | ERROR   | main | NaN loss detected at step 3
2026-09-16 01:41:06,979 | ERROR   | main | NaN loss detected at step 3
2026-09-16 01:41:07,411 | ERROR   | main | NaN loss detected at step 3
2026-09-16 01:41:07,842 | ERROR   | main | NaN loss detected at step 3
2026-09-16 01:41:08,274 | ERROR   | main | NaN loss detected at step 3
2026-09-16 01:41:08,704 | ERROR   | main | NaN loss detected at step 3
2026-09-16 01:41:09,179 | ERROR   | main | NaN loss detected at step 3
2026-09-16 01:41:09,609 | ERROR   | main | NaN loss detected at step 3
2026-09-16 01:41:10,040 | ERROR   | main | NaN loss detected at step 3
2026-09-16 01:41:10,472 | ERROR   | main | NaN loss detected at step 3
2026-09-16 01:41:10,902 | ERROR   | main | NaN loss detected at step 3
2026-09-16 01:41:11,435 | ERROR   | main | NaN loss detected at step 3
2026-09-16 01:41:11,916 | ERROR   | main | NaN loss detected at step 3
2026-09-16 01:41:12,398 | ERROR   | main | NaN loss detected at step 3
2026-09-16 01:41:12,879 | ERROR   | main | NaN loss detected at step 3
2026-09-16 01:41:13,404 | ERROR   | main | NaN loss detected at step 3
2026-09-16 01:41:13,836 | ERROR   | main | NaN loss detected at step 3
2026-09-16 01:41:14,267 | ERROR   | main | NaN loss detected at step 3
2026-09-16 01:41:14,698 | ERROR   | main | NaN loss detected at step 3
2026-09-16 01:41:15,129 | ERROR   | main | NaN loss detected at step 3
2026-09-16 01:41:15,561 | ERROR   | main | NaN loss detected at step 3
2026-09-16 01:41:16,035 | ERROR   | main | NaN loss detected at step 3
2026-09-16 01:41:16,468 | ERROR   | main | NaN loss detected at step 3
2026-09-16 01:41:16,900 | ERROR   | main | NaN loss detected at step 3
2026-09-16 01:41:17,332 | ERROR   | main | NaN loss detected at step 3
2026-09-16 01:41:17,764 | ERROR   | main | NaN loss detected at step 3
2026-09-16 01:41:18,243 | ERROR   | main | NaN loss detected at step 3
2026-09-16 01:41:18,676 | ERROR   | main | NaN loss detected at step 3
2026-09-16 01:41:19,109 | ERROR   | main | NaN loss detected at step 3
2026-09-16 01:41:19,541 | ERROR   | main | NaN loss detected at step 3
2026-09-16 01:41:19,974 | ERROR   | main | NaN loss detected at step 3
2026-09-16 01:41:20,500 | ERROR   | main | NaN loss detected at step 3
2026-09-16 01:41:20,982 | ERROR   | main | NaN loss detected at step 3
2026-09-16 01:41:21,466 | ERROR   | main | NaN loss detected at step 3
2026-09-16 01:41:21,953 | ERROR   | main | NaN loss detected at step 3
2026-09-16 01:41:22,484 | ERROR   | main | NaN loss detected at step 3
2026-09-16 01:41:22,967 | ERROR   | main | NaN loss detected at step 3
2026-09-16 01:41:23,448 | ERROR   | main | NaN loss detected at step 3
2026-09-16 01:41:23,931 | ERROR   | main | NaN loss detected at step 3
2026-09-16 01:41:24,413 | ERROR   | main | NaN loss detected at step 3
2026-09-16 01:41:24,945 | ERROR   | main | NaN loss detected at step 3
2026-09-16 01:41:25,426 | ERROR   | main | NaN loss detected at step 3
2026-09-16 01:41:25,907 | ERROR   | main | NaN loss detected at step 3
2026-09-16 01:41:26,388 | ERROR   | main | NaN loss detected at step 3
2026-09-16 01:41:26,914 | ERROR   | main | NaN loss detected at step 3
2026-09-16 01:41:27,345 | ERROR   | main | NaN loss detected at step 3
2026-09-16 01:41:27,776 | ERROR   | main | NaN loss detected at step 3
2026-09-16 01:41:28,208 | ERROR   | main | NaN loss detected at step 3
2026-09-16 01:41:28,641 | ERROR   | main | NaN loss detected at step 3
2026-09-16 01:41:29,073 | ERROR   | main | NaN loss detected at step 3
2026-09-16 01:41:29,560 | ERROR   | main | NaN loss detected at step 3
2026-09-16 01:41:29,993 | ERROR   | main | NaN loss detected at step 3
2026-09-16 01:41:30,426 | ERROR   | main | NaN loss detected at step 3
2026-09-16 01:41:30,858 | ERROR   | main | NaN loss detected at step 3
2026-09-16 01:41:31,290 | ERROR   | main | NaN loss detected at step 3
2026-09-16 01:41:31,768 | ERROR   | main | NaN loss detected at step 3
2026-09-16 01:41:32,199 | ERROR   | main | NaN loss detected at step 3
2026-09-16 01:41:32,633 | ERROR   | main | NaN loss detected at step 3
2026-09-16 01:41:33,066 | ERROR   | main | NaN loss detected at step 3
2026-09-16 01:41:33,500 | ERROR   | main | NaN loss detected at step 3
2026-09-16 01:41:33,989 | ERROR   | main | NaN loss detected at step 3
2026-09-16 01:41:34,421 | ERROR   | main | NaN loss detected at step 3
2026-09-16 01:41:34,853 | ERROR   | main | NaN loss detected at step 3
2026-09-16 01:41:35,286 | ERROR   | main | NaN loss detected at step 3
2026-09-16 01:41:35,717 | ERROR   | main | NaN loss detected at step 3
2026-09-16 01:41:36,197 | ERROR   | main | NaN loss detected at step 3
2026-09-16 01:41:36,630 | ERROR   | main | NaN loss detected at step 3
2026-09-16 01:41:37,062 | ERROR   | main | NaN loss detected at step 3
2026-09-16 01:41:37,494 | ERROR   | main | NaN loss detected at step 3
2026-09-16 01:41:37,925 | ERROR   | main | NaN loss detected at step 3
2026-09-16 01:41:38,452 | ERROR   | main | NaN loss detected at step 3
2026-09-16 01:41:38,935 | ERROR   | main | NaN loss detected at step 3
2026-09-16 01:41:39,416 | ERROR   | main | NaN loss detected at step 3
2026-09-16 01:41:39,898 | ERROR   | main | NaN loss detected at step 3
2026-09-16 01:41:40,437 | ERROR   | main | NaN loss detected at step 3
2026-09-16 01:41:40,920 | ERROR   | main | NaN loss detected at step 3
2026-09-16 01:41:41,401 | ERROR   | main | NaN loss detected at step 3
2026-09-16 01:41:41,884 | ERROR   | main | NaN loss detected at step 3
2026-09-16 01:41:42,365 | ERROR   | main | NaN loss detected at step 3
2026-09-16 01:41:42,848 | ERROR   | main | NaN loss detected at step 3
2026-09-16 01:41:43,278 | ERROR   | main | NaN loss detected at step 3
2026-09-16 01:41:43,709 | ERROR   | main | NaN loss detected at step 3
2026-09-16 01:41:44,140 | ERROR   | main | NaN loss detected at step 3
2026-09-16 01:41:44,571 | ERROR   | main | NaN loss detected at step 3
2026-09-16 01:41:45,054 | ERROR   | main | NaN loss detected at step 3
2026-09-16 01:41:45,485 | ERROR   | main | NaN loss detected at step 3
2026-09-16 01:41:45,916 | ERROR   | main | NaN loss detected at step 3
2026-09-16 01:41:46,347 | ERROR   | main | NaN loss detected at step 3
2026-09-16 01:41:46,778 | ERROR   | main | NaN loss detected at step 3
2026-09-16 01:41:47,261 | ERROR   | main | NaN loss detected at step 3
2026-09-16 01:41:47,693 | ERROR   | main | NaN loss detected at step 3
2026-09-16 01:41:48,124 | ERROR   | main | NaN loss detected at step 3
2026-09-16 01:41:48,554 | ERROR   | main | NaN loss detected at step 3
2026-09-16 01:41:48,985 | ERROR   | main | NaN loss detected at step 3
2026-09-16 01:41:49,518 | ERROR   | main | NaN loss detected at step 3
2026-09-16 01:41:49,999 | ERROR   | main | NaN loss detected at step 3
2026-09-16 01:41:50,480 | ERROR   | main | NaN loss detected at step 3
2026-09-16 01:41:50,961 | ERROR   | main | NaN loss detected at step 3
2026-09-16 01:41:51,486 | ERROR   | main | NaN loss detected at step 3
2026-09-16 01:41:51,968 | ERROR   | main | NaN loss detected at step 3
2026-09-16 01:41:52,449 | ERROR   | main | NaN loss detected at step 3
2026-09-16 01:41:52,929 | ERROR   | main | NaN loss detected at step 3
2026-09-16 01:41:53,410 | ERROR   | main | NaN loss detected at step 3
2026-09-16 01:41:53,932 | ERROR   | main | NaN loss detected at step 3
2026-09-16 01:41:54,413 | ERROR   | main | NaN loss detected at step 3
2026-09-16 01:41:54,895 | ERROR   | main | NaN loss detected at step 3
2026-09-16 01:41:55,376 | ERROR   | main | NaN loss detected at step 3
2026-09-16 01:41:55,901 | ERROR   | main | NaN loss detected at step 3
2026-09-16 01:41:56,332 | ERROR   | main | NaN loss detected at step 3
2026-09-16 01:41:56,763 | ERROR   | main | NaN loss detected at step 3
2026-09-16 01:41:57,195 | ERROR   | main | NaN loss detected at step 3
2026-09-16 01:41:57,625 | ERROR   | main | NaN loss detected at step 3
2026-09-16 01:41:58,055 | ERROR   | main | NaN loss detected at step 3
2026-09-16 01:41:58,532 | ERROR   | main | NaN loss detected at step 3
2026-09-16 01:41:58,963 | ERROR   | main | NaN loss detected at step 3
2026-09-16 01:41:59,394 | ERROR   | main | NaN loss detected at step 3
2026-09-16 01:41:59,825 | ERROR   | main | NaN loss detected at step 3
2026-09-16 01:42:00,256 | ERROR   | main | NaN loss detected at step 3
2026-09-16 01:42:00,739 | ERROR   | main | NaN loss detected at step 3
2026-09-16 01:42:01,170 | ERROR   | main | NaN loss detected at step 3
2026-09-16 01:42:01,600 | ERROR   | main | NaN loss detected at step 3
2026-09-16 01:42:02,032 | ERROR   | main | NaN loss detected at step 3
2026-09-16 01:42:02,462 | ERROR   | main | NaN loss detected at step 3
2026-09-16 01:42:02,996 | ERROR   | main | NaN loss detected at step 3
2026-09-16 01:42:03,476 | ERROR   | main | NaN loss detected at step 3
2026-09-16 01:42:03,958 | ERROR   | main | NaN loss detected at step 3
2026-09-16 01:42:04,439 | ERROR   | main | NaN loss detected at step 3
2026-09-16 01:42:04,965 | ERROR   | main | NaN loss detected at step 3
2026-09-16 01:42:05,447 | ERROR   | main | NaN loss detected at step 3
2026-09-16 01:42:05,928 | ERROR   | main | NaN loss detected at step 3
2026-09-16 01:42:06,410 | ERROR   | main | NaN loss detected at step 3
2026-09-16 01:42:06,892 | ERROR   | main | NaN loss detected at step 3
2026-09-16 01:42:07,425 | ERROR   | main | NaN loss detected at step 3
2026-09-16 01:42:07,906 | ERROR   | main | NaN loss detected at step 3
2026-09-16 01:42:08,387 | ERROR   | main | NaN loss detected at step 3
2026-09-16 01:42:08,868 | ERROR   | main | NaN loss detected at step 3
2026-09-16 01:42:09,396 | ERROR   | main | NaN loss detected at step 3
2026-09-16 01:42:09,828 | ERROR   | main | NaN loss detected at step 3
2026-09-16 01:42:10,259 | ERROR   | main | NaN loss detected at step 3
2026-09-16 01:42:10,689 | ERROR   | main | NaN loss detected at step 3
2026-09-16 01:42:11,120 | ERROR   | main | NaN loss detected at step 3
2026-09-16 01:42:11,551 | ERROR   | main | NaN loss detected at step 3
2026-09-16 01:42:12,027 | ERROR   | main | NaN loss detected at step 3
2026-09-16 01:42:12,459 | ERROR   | main | NaN loss detected at step 3
2026-09-16 01:42:12,890 | ERROR   | main | NaN loss detected at step 3
2026-09-16 01:42:13,321 | ERROR   | main | NaN loss detected at step 3
2026-09-16 01:42:13,751 | ERROR   | main | NaN loss detected at step 3
2026-09-16 01:42:14,235 | ERROR   | main | NaN loss detected at step 3
2026-09-16 01:42:14,666 | ERROR   | main | NaN loss detected at step 3
2026-09-16 01:42:15,097 | ERROR   | main | NaN loss detected at step 3
2026-09-16 01:42:15,528 | ERROR   | main | NaN loss detected at step 3
2026-09-16 01:42:15,960 | ERROR   | main | NaN loss detected at step 3
2026-09-16 01:42:16,489 | ERROR   | main | NaN loss detected at step 3
2026-09-16 01:42:16,971 | ERROR   | main | NaN loss detected at step 3
2026-09-16 01:42:17,452 | ERROR   | main | NaN loss detected at step 3
2026-09-16 01:42:17,933 | ERROR   | main | NaN loss detected at step 3
2026-09-16 01:42:18,457 | ERROR   | main | NaN loss detected at step 3
2026-09-16 01:42:18,940 | ERROR   | main | NaN loss detected at step 3
2026-09-16 01:42:19,422 | ERROR   | main | NaN loss detected at step 3
2026-09-16 01:42:19,903 | ERROR   | main | NaN loss detected at step 3
2026-09-16 01:42:20,384 | ERROR   | main | NaN loss detected at step 3
2026-09-16 01:42:20,918 | ERROR   | main | NaN loss detected at step 3
2026-09-16 01:42:21,399 | ERROR   | main | NaN loss detected at step 3
2026-09-16 01:42:21,880 | ERROR   | main | NaN loss detected at step 3
2026-09-16 01:42:22,361 | ERROR   | main | NaN loss detected at step 3
2026-09-16 01:42:22,886 | ERROR   | main | NaN loss detected at step 3
2026-09-16 01:42:23,318 | ERROR   | main | NaN loss detected at step 3
2026-09-16 01:42:23,748 | ERROR   | main | NaN loss detected at step 3
2026-09-16 01:42:24,179 | ERROR   | main | NaN loss detected at step 3
2026-09-16 01:42:24,609 | ERROR   | main | NaN loss detected at step 3
2026-09-16 01:42:25,040 | ERROR   | main | NaN loss detected at step 3
2026-09-16 01:42:25,516 | ERROR   | main | NaN loss detected at step 3
2026-09-16 01:42:25,948 | ERROR   | main | NaN loss detected at step 3
2026-09-16 01:42:26,379 | ERROR   | main | NaN loss detected at step 3
2026-09-16 01:42:26,810 | ERROR   | main | NaN loss detected at step 3
2026-09-16 01:42:27,241 | ERROR   | main | NaN loss detected at step 3
2026-09-16 01:42:27,723 | ERROR   | main | NaN loss detected at step 3
2026-09-16 01:42:28,155 | ERROR   | main | NaN loss detected at step 3
2026-09-16 01:42:28,586 | ERROR   | main | NaN loss detected at step 3
2026-09-16 01:42:29,017 | ERROR   | main | NaN loss detected at step 3
2026-09-16 01:42:29,448 | ERROR   | main | NaN loss detected at step 3
2026-09-16 01:42:29,983 | ERROR   | main | NaN loss detected at step 3
2026-09-16 01:42:30,464 | ERROR   | main | NaN loss detected at step 3
2026-09-16 01:42:30,945 | ERROR   | main | NaN loss detected at step 3
2026-09-16 01:42:31,426 | ERROR   | main | NaN loss detected at step 3
2026-09-16 01:42:31,951 | ERROR   | main | NaN loss detected at step 3
2026-09-16 01:42:32,432 | ERROR   | main | NaN loss detected at step 3
2026-09-16 01:42:32,913 | ERROR   | main | NaN loss detected at step 3
2026-09-16 01:42:33,394 | ERROR   | main | NaN loss detected at step 3
2026-09-16 01:42:33,874 | ERROR   | main | NaN loss detected at step 3
2026-09-16 01:42:34,396 | ERROR   | main | NaN loss detected at step 3
2026-09-16 01:42:34,877 | ERROR   | main | NaN loss detected at step 3
2026-09-16 01:42:35,358 | ERROR   | main | NaN loss detected at step 3
2026-09-16 01:42:35,839 | ERROR   | main | NaN loss detected at step 3
2026-09-16 01:42:36,365 | ERROR   | main | NaN loss detected at step 3
2026-09-16 01:42:36,796 | ERROR   | main | NaN loss detected at step 3
2026-09-16 01:42:37,227 | ERROR   | main | NaN loss detected at step 3
2026-09-16 01:42:37,657 | ERROR   | main | NaN loss detected at step 3
2026-09-16 01:42:38,089 | ERROR   | main | NaN loss detected at step 3
2026-09-16 01:42:38,520 | ERROR   | main | NaN loss detected at step 3
2026-09-16 01:42:38,996 | ERROR   | main | NaN loss detected at step 3
2026-09-16 01:42:39,427 | ERROR   | main | NaN loss detected at step 3
2026-09-16 01:42:39,857 | ERROR   | main | NaN loss detected at step 3
2026-09-16 01:42:40,289 | ERROR   | main | NaN loss detected at step 3
2026-09-16 01:42:40,719 | ERROR   | main | NaN loss detected at step 3
2026-09-16 01:42:41,201 | ERROR   | main | NaN loss detected at step 3
2026-09-16 01:42:41,632 | ERROR   | main | NaN loss detected at step 3
2026-09-16 01:42:42,064 | ERROR   | main | NaN loss detected at step 3
2026-09-16 01:42:42,495 | ERROR   | main | NaN loss detected at step 3
2026-09-16 01:42:42,926 | ERROR   | main | NaN loss detected at step 3
2026-09-16 01:42:43,458 | ERROR   | main | NaN loss detected at step 3
2026-09-16 01:42:43,939 | ERROR   | main | NaN loss detected at step 3
2026-09-16 01:42:44,420 | ERROR   | main | NaN loss detected at step 3
2026-09-16 01:42:44,901 | ERROR   | main | NaN loss detected at step 3
2026-09-16 01:42:45,427 | ERROR   | main | NaN loss detected at step 3
2026-09-16 01:42:45,908 | ERROR   | main | NaN loss detected at step 3
2026-09-16 01:42:46,389 | ERROR   | main | NaN loss detected at step 3
2026-09-16 01:42:46,870 | ERROR   | main | NaN loss detected at step 3
2026-09-16 01:42:47,351 | ERROR   | main | NaN loss detected at step 3
2026-09-16 01:42:47,822 | ERROR   | main | NaN loss detected at step 3
2026-09-16 01:42:48,253 | ERROR   | main | NaN loss detected at step 3
2026-09-16 01:42:48,685 | ERROR   | main | NaN loss detected at step 3
2026-09-16 01:42:49,116 | ERROR   | main | NaN loss detected at step 3
2026-09-16 01:42:49,547 | ERROR   | main | NaN loss detected at step 3
2026-09-16 01:42:50,029 | ERROR   | main | NaN loss detected at step 3
2026-09-16 01:42:50,460 | ERROR   | main | NaN loss detected at step 3
2026-09-16 01:42:50,890 | ERROR   | main | NaN loss detected at step 3
2026-09-16 01:42:51,321 | ERROR   | main | NaN loss detected at step 3
2026-09-16 01:42:51,752 | ERROR   | main | NaN loss detected at step 3
2026-09-16 01:42:52,235 | ERROR   | main | NaN loss detected at step 3
2026-09-16 01:42:52,666 | ERROR   | main | NaN loss detected at step 3
2026-09-16 01:42:53,097 | ERROR   | main | NaN loss detected at step 3
2026-09-16 01:42:53,528 | ERROR   | main | NaN loss detected at step 3
2026-09-16 01:42:53,959 | ERROR   | main | NaN loss detected at step 3
2026-09-16 01:42:54,491 | ERROR   | main | NaN loss detected at step 3
2026-09-16 01:42:54,972 | ERROR   | main | NaN loss detected at step 3
2026-09-16 01:42:55,452 | ERROR   | main | NaN loss detected at step 3
2026-09-16 01:42:55,933 | ERROR   | main | NaN loss detected at step 3
2026-09-16 01:42:56,459 | ERROR   | main | NaN loss detected at step 3
2026-09-16 01:42:56,940 | ERROR   | main | NaN loss detected at step 3
2026-09-16 01:42:57,421 | ERROR   | main | NaN loss detected at step 3
2026-09-16 01:42:57,902 | ERROR   | main | NaN loss detected at step 3
2026-09-16 01:42:58,384 | ERROR   | main | NaN loss detected at step 3
2026-09-16 01:42:58,919 | ERROR   | main | NaN loss detected at step 3
2026-09-16 01:42:59,401 | ERROR   | main | NaN loss detected at step 3
2026-09-16 01:42:59,882 | ERROR   | main | NaN loss detected at step 3
2026-09-16 01:43:00,364 | ERROR   | main | NaN loss detected at step 3
2026-09-16 01:43:00,888 | ERROR   | main | NaN loss detected at step 3
2026-09-16 01:43:01,320 | ERROR   | main | NaN loss detected at step 3
2026-09-16 01:43:01,750 | ERROR   | main | NaN loss detected at step 3
2026-09-16 01:43:02,181 | ERROR   | main | NaN loss detected at step 3
2026-09-16 01:43:02,612 | ERROR   | main | NaN loss detected at step 3
2026-09-16 01:43:03,043 | ERROR   | main | NaN loss detected at step 3
2026-09-16 01:43:03,518 | ERROR   | main | NaN loss detected at step 3
2026-09-16 01:43:03,949 | ERROR   | main | NaN loss detected at step 3
2026-09-16 01:43:04,381 | ERROR   | main | NaN loss detected at step 3
2026-09-16 01:43:04,812 | ERROR   | main | NaN loss detected at step 3
2026-09-16 01:43:05,243 | ERROR   | main | NaN loss detected at step 3
2026-09-16 01:43:05,725 | ERROR   | main | NaN loss detected at step 3
2026-09-16 01:43:06,156 | ERROR   | main | NaN loss detected at step 3
2026-09-16 01:43:06,587 | ERROR   | main | NaN loss detected at step 3
2026-09-16 01:43:07,018 | ERROR   | main | NaN loss detected at step 3
2026-09-16 01:43:07,449 | ERROR   | main | NaN loss detected at step 3
2026-09-16 01:43:07,981 | ERROR   | main | NaN loss detected at step 3
2026-09-16 01:43:08,463 | ERROR   | main | NaN loss detected at step 3
2026-09-16 01:43:08,944 | ERROR   | main | NaN loss detected at step 3
2026-09-16 01:43:09,426 | ERROR   | main | NaN loss detected at step 3
2026-09-16 01:43:09,949 | ERROR   | main | NaN loss detected at step 3
2026-09-16 01:43:10,432 | ERROR   | main | NaN loss detected at step 3
2026-09-16 01:43:10,913 | ERROR   | main | NaN loss detected at step 3
2026-09-16 01:43:11,395 | ERROR   | main | NaN loss detected at step 3
2026-09-16 01:43:11,876 | ERROR   | main | NaN loss detected at step 3
2026-09-16 01:43:12,409 | ERROR   | main | NaN loss detected at step 3
2026-09-16 01:43:12,890 | ERROR   | main | NaN loss detected at step 3
2026-09-16 01:43:13,371 | ERROR   | main | NaN loss detected at step 3
2026-09-16 01:43:13,852 | ERROR   | main | NaN loss detected at step 3
2026-09-16 01:43:14,378 | ERROR   | main | NaN loss detected at step 3
2026-09-16 01:43:14,810 | ERROR   | main | NaN loss detected at step 3
2026-09-16 01:43:15,240 | ERROR   | main | NaN loss detected at step 3
2026-09-16 01:43:15,671 | ERROR   | main | NaN loss detected at step 3
2026-09-16 01:43:16,102 | ERROR   | main | NaN loss detected at step 3
2026-09-16 01:43:16,533 | ERROR   | main | NaN loss detected at step 3
2026-09-16 01:43:17,008 | ERROR   | main | NaN loss detected at step 3
2026-09-16 01:43:17,440 | ERROR   | main | NaN loss detected at step 3
2026-09-16 01:43:17,871 | ERROR   | main | NaN loss detected at step 3
2026-09-16 01:43:18,302 | ERROR   | main | NaN loss detected at step 3
2026-09-16 01:43:18,732 | ERROR   | main | NaN loss detected at step 3
2026-09-16 01:43:19,215 | ERROR   | main | NaN loss detected at step 3
2026-09-16 01:43:19,647 | ERROR   | main | NaN loss detected at step 3
2026-09-16 01:43:20,078 | ERROR   | main | NaN loss detected at step 3
2026-09-16 01:43:20,508 | ERROR   | main | NaN loss detected at step 3
2026-09-16 01:43:20,939 | ERROR   | main | NaN loss detected at step 3
2026-09-16 01:43:21,423 | ERROR   | main | NaN loss detected at step 3
2026-09-16 01:43:21,853 | ERROR   | main | NaN loss detected at step 3
2026-09-16 01:43:22,284 | ERROR   | main | NaN loss detected at step 3
2026-09-16 01:43:22,715 | ERROR   | main | NaN loss detected at step 3
2026-09-16 01:43:23,146 | ERROR   | main | NaN loss detected at step 3
2026-09-16 01:43:23,629 | ERROR   | main | NaN loss detected at step 3
2026-09-16 01:43:24,060 | ERROR   | main | NaN loss detected at step 3
2026-09-16 01:43:24,491 | ERROR   | main | NaN loss detected at step 3
2026-09-16 01:43:24,922 | ERROR   | main | NaN loss detected at step 3
2026-09-16 01:43:25,352 | ERROR   | main | NaN loss detected at step 3
2026-09-16 01:43:25,870 | ERROR   | main | NaN loss detected at step 3
2026-09-16 01:43:26,351 | ERROR   | main | NaN loss detected at step 3
2026-09-16 01:43:26,833 | ERROR   | main | NaN loss detected at step 3
2026-09-16 01:43:27,313 | ERROR   | main | NaN loss detected at step 3
2026-09-16 01:43:27,839 | ERROR   | main | NaN loss detected at step 3
2026-09-16 01:43:28,271 | ERROR   | main | NaN loss detected at step 3
2026-09-16 01:43:28,701 | ERROR   | main | NaN loss detected at step 3
2026-09-16 01:43:29,133 | ERROR   | main | NaN loss detected at step 3
2026-09-16 01:43:29,564 | ERROR   | main | NaN loss detected at step 3
2026-09-16 01:43:29,995 | ERROR   | main | NaN loss detected at step 3
2026-09-16 01:43:30,519 | ERROR   | main | NaN loss detected at step 3
2026-09-16 01:43:31,000 | ERROR   | main | NaN loss detected at step 3
2026-09-16 01:43:31,481 | ERROR   | main | NaN loss detected at step 3
2026-09-16 01:43:31,962 | ERROR   | main | NaN loss detected at step 3
2026-09-16 01:43:32,488 | ERROR   | main | NaN loss detected at step 3
2026-09-16 01:43:32,969 | ERROR   | main | NaN loss detected at step 3
2026-09-16 01:43:33,450 | ERROR   | main | NaN loss detected at step 3
2026-09-16 01:43:33,931 | ERROR   | main | NaN loss detected at step 3
2026-09-16 01:43:34,411 | ERROR   | main | NaN loss detected at step 3
2026-09-16 01:43:34,933 | ERROR   | main | NaN loss detected at step 3
2026-09-16 01:43:35,414 | ERROR   | main | NaN loss detected at step 3
2026-09-16 01:43:35,894 | ERROR   | main | NaN loss detected at step 3
2026-09-16 01:43:36,375 | ERROR   | main | NaN loss detected at step 3
2026-09-16 01:43:36,901 | ERROR   | main | NaN loss detected at step 3
2026-09-16 01:43:37,383 | ERROR   | main | NaN loss detected at step 3
2026-09-16 01:43:37,863 | ERROR   | main | NaN loss detected at step 3
2026-09-16 01:43:38,344 | ERROR   | main | NaN loss detected at step 3
2026-09-16 01:43:38,826 | ERROR   | main | NaN loss detected at step 3
2026-09-16 01:43:39,296 | ERROR   | main | NaN loss detected at step 3
2026-09-16 01:43:39,727 | ERROR   | main | NaN loss detected at step 3
2026-09-16 01:43:40,159 | ERROR   | main | NaN loss detected at step 3
2026-09-16 01:43:40,590 | ERROR   | main | NaN loss detected at step 3
2026-09-16 01:43:41,020 | ERROR   | main | NaN loss detected at step 3
2026-09-16 01:43:41,503 | ERROR   | main | NaN loss detected at step 3
2026-09-16 01:43:41,934 | ERROR   | main | NaN loss detected at step 3
2026-09-16 01:43:42,364 | ERROR   | main | NaN loss detected at step 3
2026-09-16 01:43:42,795 | ERROR   | main | NaN loss detected at step 3
2026-09-16 01:43:43,226 | ERROR   | main | NaN loss detected at step 3
2026-09-16 01:43:43,709 | ERROR   | main | NaN loss detected at step 3
2026-09-16 01:43:44,140 | ERROR   | main | NaN loss detected at step 3
2026-09-16 01:43:44,572 | ERROR   | main | NaN loss detected at step 3
2026-09-16 01:43:45,002 | ERROR   | main | NaN loss detected at step 3
2026-09-16 01:43:45,432 | ERROR   | main | NaN loss detected at step 3
2026-09-16 01:43:45,966 | ERROR   | main | NaN loss detected at step 3
2026-09-16 01:43:46,447 | ERROR   | main | NaN loss detected at step 3
2026-09-16 01:43:46,928 | ERROR   | main | NaN loss detected at step 3
2026-09-16 01:43:47,408 | ERROR   | main | NaN loss detected at step 3
2026-09-16 01:43:47,936 | ERROR   | main | NaN loss detected at step 3
2026-09-16 01:43:48,417 | ERROR   | main | NaN loss detected at step 3
2026-09-16 01:43:48,898 | ERROR   | main | NaN loss detected at step 3
2026-09-16 01:43:49,379 | ERROR   | main | NaN loss detected at step 3
2026-09-16 01:43:49,860 | ERROR   | main | NaN loss detected at step 3
2026-09-16 01:43:50,381 | ERROR   | main | NaN loss detected at step 3
2026-09-16 01:43:50,862 | ERROR   | main | NaN loss detected at step 3
2026-09-16 01:43:51,343 | ERROR   | main | NaN loss detected at step 3
2026-09-16 01:43:51,825 | ERROR   | main | NaN loss detected at step 3
2026-09-16 01:43:52,350 | ERROR   | main | NaN loss detected at step 3
2026-09-16 01:43:52,783 | ERROR   | main | NaN loss detected at step 3
2026-09-16 01:43:53,213 | ERROR   | main | NaN loss detected at step 3
2026-09-16 01:43:53,645 | ERROR   | main | NaN loss detected at step 3
2026-09-16 01:43:54,076 | ERROR   | main | NaN loss detected at step 3
2026-09-16 01:43:54,507 | ERROR   | main | NaN loss detected at step 3
2026-09-16 01:43:54,980 | ERROR   | main | NaN loss detected at step 3
2026-09-16 01:43:55,411 | ERROR   | main | NaN loss detected at step 3
2026-09-16 01:43:55,843 | ERROR   | main | NaN loss detected at step 3
2026-09-16 01:43:56,273 | ERROR   | main | NaN loss detected at step 3
2026-09-16 01:43:56,705 | ERROR   | main | NaN loss detected at step 3
2026-09-16 01:43:57,187 | ERROR   | main | NaN loss detected at step 3
2026-09-16 01:43:57,618 | ERROR   | main | NaN loss detected at step 3
2026-09-16 01:43:58,049 | ERROR   | main | NaN loss detected at step 3
2026-09-16 01:43:58,480 | ERROR   | main | NaN loss detected at step 3
2026-09-16 01:43:58,911 | ERROR   | main | NaN loss detected at step 3
2026-09-16 01:43:59,444 | ERROR   | main | NaN loss detected at step 3
2026-09-16 01:43:59,927 | ERROR   | main | NaN loss detected at step 3
2026-09-16 01:44:00,408 | ERROR   | main | NaN loss detected at step 3
2026-09-16 01:44:00,890 | ERROR   | main | NaN loss detected at step 3
2026-09-16 01:44:01,413 | ERROR   | main | NaN loss detected at step 3
2026-09-16 01:44:01,846 | ERROR   | main | NaN loss detected at step 3
2026-09-16 01:44:02,277 | ERROR   | main | NaN loss detected at step 3
2026-09-16 01:44:02,708 | ERROR   | main | NaN loss detected at step 3
2026-09-16 01:44:03,140 | ERROR   | main | NaN loss detected at step 3
2026-09-16 01:44:03,572 | ERROR   | main | NaN loss detected at step 3
2026-09-16 01:44:04,044 | ERROR   | main | NaN loss detected at step 3
2026-09-16 01:44:04,476 | ERROR   | main | NaN loss detected at step 3
2026-09-16 01:44:04,907 | ERROR   | main | NaN loss detected at step 3
2026-09-16 01:44:05,337 | ERROR   | main | NaN loss detected at step 3
2026-09-16 01:44:05,767 | ERROR   | main | NaN loss detected at step 3
2026-09-16 01:44:06,251 | ERROR   | main | NaN loss detected at step 3
2026-09-16 01:44:06,682 | ERROR   | main | NaN loss detected at step 3
2026-09-16 01:44:07,112 | ERROR   | main | NaN loss detected at step 3
2026-09-16 01:44:07,543 | ERROR   | main | NaN loss detected at step 3
2026-09-16 01:44:07,975 | ERROR   | main | NaN loss detected at step 3
2026-09-16 01:44:08,508 | ERROR   | main | NaN loss detected at step 3
2026-09-16 01:44:08,990 | ERROR   | main | NaN loss detected at step 3
2026-09-16 01:44:09,470 | ERROR   | main | NaN loss detected at step 3
2026-09-16 01:44:09,951 | ERROR   | main | NaN loss detected at step 3
2026-09-16 01:44:10,477 | ERROR   | main | NaN loss detected at step 3
2026-09-16 01:44:10,960 | ERROR   | main | NaN loss detected at step 3
2026-09-16 01:44:11,440 | ERROR   | main | NaN loss detected at step 3
2026-09-16 01:44:11,921 | ERROR   | main | NaN loss detected at step 3
2026-09-16 01:44:12,402 | ERROR   | main | NaN loss detected at step 3
2026-09-16 01:44:12,872 | ERROR   | main | NaN loss detected at step 3
2026-09-16 01:44:13,303 | ERROR   | main | NaN loss detected at step 3
2026-09-16 01:44:13,734 | ERROR   | main | NaN loss detected at step 3
2026-09-16 01:44:14,165 | ERROR   | main | NaN loss detected at step 3
2026-09-16 01:44:14,595 | ERROR   | main | NaN loss detected at step 3
2026-09-16 01:44:15,078 | ERROR   | main | NaN loss detected at step 3
2026-09-16 01:44:15,509 | ERROR   | main | NaN loss detected at step 3
2026-09-16 01:44:15,941 | ERROR   | main | NaN loss detected at step 3
2026-09-16 01:44:16,371 | ERROR   | main | NaN loss detected at step 3
2026-09-16 01:44:16,802 | ERROR   | main | NaN loss detected at step 3
2026-09-16 01:44:17,284 | ERROR   | main | NaN loss detected at step 3
2026-09-16 01:44:17,715 | ERROR   | main | NaN loss detected at step 3
2026-09-16 01:44:18,148 | ERROR   | main | NaN loss detected at step 3
2026-09-16 01:44:18,580 | ERROR   | main | NaN loss detected at step 3
2026-09-16 01:44:19,012 | ERROR   | main | NaN loss detected at step 3
2026-09-16 01:44:19,533 | ERROR   | main | NaN loss detected at step 3
2026-09-16 01:44:20,015 | ERROR   | main | NaN loss detected at step 3
2026-09-16 01:44:20,497 | ERROR   | main | NaN loss detected at step 3
2026-09-16 01:44:20,979 | ERROR   | main | NaN loss detected at step 3
2026-09-16 01:44:21,500 | ERROR   | main | NaN loss detected at step 3
2026-09-16 01:44:21,982 | ERROR   | main | NaN loss detected at step 3
2026-09-16 01:44:22,463 | ERROR   | main | NaN loss detected at step 3
2026-09-16 01:44:22,944 | ERROR   | main | NaN loss detected at step 3
2026-09-16 01:44:23,425 | ERROR   | main | NaN loss detected at step 3
2026-09-16 01:44:23,961 | ERROR   | main | NaN loss detected at step 3
2026-09-16 01:44:24,442 | ERROR   | main | NaN loss detected at step 3
2026-09-16 01:44:24,924 | ERROR   | main | NaN loss detected at step 3
2026-09-16 01:44:25,407 | ERROR   | main | NaN loss detected at step 3
2026-09-16 01:44:25,928 | ERROR   | main | NaN loss detected at step 3
2026-09-16 01:44:26,368 | ERROR   | main | NaN loss detected at step 3
2026-09-16 01:44:26,811 | ERROR   | main | NaN loss detected at step 3
2026-09-16 01:44:27,251 | ERROR   | main | NaN loss detected at step 3
2026-09-16 01:44:27,690 | ERROR   | main | NaN loss detected at step 3
2026-09-16 01:44:28,128 | ERROR   | main | NaN loss detected at step 3
2026-09-16 01:44:28,612 | ERROR   | main | NaN loss detected at step 3
2026-09-16 01:44:29,050 | ERROR   | main | NaN loss detected at step 3
2026-09-16 01:44:29,488 | ERROR   | main | NaN loss detected at step 3
2026-09-16 01:44:29,926 | ERROR   | main | NaN loss detected at step 3
2026-09-16 01:44:30,363 | ERROR   | main | NaN loss detected at step 3
2026-09-16 01:44:30,846 | ERROR   | main | NaN loss detected at step 3
2026-09-16 01:44:31,283 | ERROR   | main | NaN loss detected at step 3
2026-09-16 01:44:31,721 | ERROR   | main | NaN loss detected at step 3
2026-09-16 01:44:32,159 | ERROR   | main | NaN loss detected at step 3
2026-09-16 01:44:32,597 | ERROR   | main | NaN loss detected at step 3
2026-09-16 01:44:33,096 | ERROR   | main | NaN loss detected at step 3
2026-09-16 01:44:33,535 | ERROR   | main | NaN loss detected at step 3
2026-09-16 01:44:33,976 | ERROR   | main | NaN loss detected at step 3
2026-09-16 01:44:34,415 | ERROR   | main | NaN loss detected at step 3
2026-09-16 01:44:34,855 | ERROR   | main | NaN loss detected at step 3
2026-09-16 01:44:35,346 | ERROR   | main | NaN loss detected at step 3
2026-09-16 01:44:35,784 | ERROR   | main | NaN loss detected at step 3
2026-09-16 01:44:36,221 | ERROR   | main | NaN loss detected at step 3
2026-09-16 01:44:36,659 | ERROR   | main | NaN loss detected at step 3
2026-09-16 01:44:37,096 | ERROR   | main | NaN loss detected at step 3
2026-09-16 01:44:37,612 | ERROR   | main | NaN loss detected at step 3
2026-09-16 01:44:38,050 | ERROR   | main | NaN loss detected at step 3
2026-09-16 01:44:38,487 | ERROR   | main | NaN loss detected at step 3
2026-09-16 01:44:38,926 | ERROR   | main | NaN loss detected at step 3
2026-09-16 01:44:39,364 | ERROR   | main | NaN loss detected at step 3
2026-09-16 01:44:39,897 | ERROR   | main | NaN loss detected at step 3
2026-09-16 01:44:40,385 | ERROR   | main | NaN loss detected at step 3
2026-09-16 01:44:40,874 | ERROR   | main | NaN loss detected at step 3
2026-09-16 01:44:41,362 | ERROR   | main | NaN loss detected at step 3
2026-09-16 01:44:41,895 | ERROR   | main | NaN loss detected at step 3
2026-09-16 01:44:42,334 | ERROR   | main | NaN loss detected at step 3
2026-09-16 01:44:42,773 | ERROR   | main | NaN loss detected at step 3
2026-09-16 01:44:43,211 | ERROR   | main | NaN loss detected at step 3
2026-09-16 01:44:43,650 | ERROR   | main | NaN loss detected at step 3
2026-09-16 01:44:44,088 | ERROR   | main | NaN loss detected at step 3
2026-09-16 01:44:44,579 | ERROR   | main | NaN loss detected at step 3
2026-09-16 01:44:45,017 | ERROR   | main | NaN loss detected at step 3
2026-09-16 01:44:45,456 | ERROR   | main | NaN loss detected at step 3
2026-09-16 01:44:45,895 | ERROR   | main | NaN loss detected at step 3
2026-09-16 01:44:46,333 | ERROR   | main | NaN loss detected at step 3
2026-09-16 01:44:46,812 | ERROR   | main | NaN loss detected at step 3
2026-09-16 01:44:47,249 | ERROR   | main | NaN loss detected at step 3
2026-09-16 01:44:47,687 | ERROR   | main | NaN loss detected at step 3
2026-09-16 01:44:48,126 | ERROR   | main | NaN loss detected at step 3
2026-09-16 01:44:48,564 | ERROR   | main | NaN loss detected at step 3
2026-09-16 01:44:49,095 | ERROR   | main | NaN loss detected at step 3
2026-09-16 01:44:49,584 | ERROR   | main | NaN loss detected at step 3
2026-09-16 01:44:50,074 | ERROR   | main | NaN loss detected at step 3
2026-09-16 01:44:50,562 | ERROR   | main | NaN loss detected at step 3
2026-09-16 01:44:51,096 | ERROR   | main | NaN loss detected at step 3
2026-09-16 01:44:51,584 | ERROR   | main | NaN loss detected at step 3
2026-09-16 01:44:52,075 | ERROR   | main | NaN loss detected at step 3
2026-09-16 01:44:52,563 | ERROR   | main | NaN loss detected at step 3
2026-09-16 01:44:53,108 | ERROR   | main | NaN loss detected at step 3
2026-09-16 01:44:53,548 | ERROR   | main | NaN loss detected at step 3
2026-09-16 01:44:53,986 | ERROR   | main | NaN loss detected at step 3
2026-09-16 01:44:54,424 | ERROR   | main | NaN loss detected at step 3
2026-09-16 01:44:54,862 | ERROR   | main | NaN loss detected at step 3
2026-09-16 01:44:55,300 | ERROR   | main | NaN loss detected at step 3
2026-09-16 01:44:55,779 | ERROR   | main | NaN loss detected at step 3
2026-09-16 01:44:56,217 | ERROR   | main | NaN loss detected at step 3
2026-09-16 01:44:56,656 | ERROR   | main | NaN loss detected at step 3
2026-09-16 01:44:57,094 | ERROR   | main | NaN loss detected at step 3
2026-09-16 01:44:57,532 | ERROR   | main | NaN loss detected at step 3
2026-09-16 01:44:58,063 | ERROR   | main | NaN loss detected at step 3
2026-09-16 01:44:58,551 | ERROR   | main | NaN loss detected at step 3
2026-09-16 01:44:59,040 | ERROR   | main | NaN loss detected at step 3
2026-09-16 01:44:59,527 | ERROR   | main | NaN loss detected at step 3
2026-09-16 01:45:00,062 | ERROR   | main | NaN loss detected at step 3
2026-09-16 01:45:00,550 | ERROR   | main | NaN loss detected at step 3
2026-09-16 01:45:01,039 | ERROR   | main | NaN loss detected at step 3
2026-09-16 01:45:01,527 | ERROR   | main | NaN loss detected at step 3
2026-09-16 01:45:02,061 | ERROR   | main | NaN loss detected at step 3
2026-09-16 01:45:02,550 | ERROR   | main | NaN loss detected at step 3
2026-09-16 01:45:03,039 | ERROR   | main | NaN loss detected at step 3
2026-09-16 01:45:03,527 | ERROR   | main | NaN loss detected at step 3
2026-09-16 01:45:04,062 | ERROR   | main | NaN loss detected at step 3
2026-09-16 01:45:04,550 | ERROR   | main | NaN loss detected at step 3
2026-09-16 01:45:05,037 | ERROR   | main | NaN loss detected at step 3
2026-09-16 01:45:05,526 | ERROR   | main | NaN loss detected at step 3
2026-09-16 01:45:06,014 | ERROR   | main | NaN loss detected at step 3
2026-09-16 01:45:06,546 | ERROR   | main | NaN loss detected at step 3
2026-09-16 01:45:07,034 | ERROR   | main | NaN loss detected at step 3
2026-09-16 01:45:07,521 | ERROR   | main | NaN loss detected at step 3
2026-09-16 01:45:08,010 | ERROR   | main | NaN loss detected at step 3
2026-09-16 01:45:08,544 | ERROR   | main | NaN loss detected at step 3
2026-09-16 01:45:09,033 | ERROR   | main | NaN loss detected at step 3
2026-09-16 01:45:09,521 | ERROR   | main | NaN loss detected at step 3
2026-09-16 01:45:10,009 | ERROR   | main | NaN loss detected at step 3
2026-09-16 01:45:10,497 | ERROR   | main | NaN loss detected at step 3
2026-09-16 01:45:11,030 | ERROR   | main | NaN loss detected at step 3
2026-09-16 01:45:11,518 | ERROR   | main | NaN loss detected at step 3
2026-09-16 01:45:12,006 | ERROR   | main | NaN loss detected at step 3
2026-09-16 01:45:12,495 | ERROR   | main | NaN loss detected at step 3
2026-09-16 01:45:13,028 | ERROR   | main | NaN loss detected at step 3
2026-09-16 01:45:13,517 | ERROR   | main | NaN loss detected at step 3
2026-09-16 01:45:14,007 | ERROR   | main | NaN loss detected at step 3
2026-09-16 01:45:14,496 | ERROR   | main | NaN loss detected at step 3
2026-09-16 01:45:15,029 | ERROR   | main | NaN loss detected at step 3
2026-09-16 01:45:15,518 | ERROR   | main | NaN loss detected at step 3
2026-09-16 01:45:16,007 | ERROR   | main | NaN loss detected at step 3
2026-09-16 01:45:16,496 | ERROR   | main | NaN loss detected at step 3
2026-09-16 01:45:17,028 | ERROR   | main | NaN loss detected at step 3
2026-09-16 01:45:17,518 | ERROR   | main | NaN loss detected at step 3
2026-09-16 01:45:18,007 | ERROR   | main | NaN loss detected at step 3
2026-09-16 01:45:18,495 | ERROR   | main | NaN loss detected at step 3
2026-09-16 01:45:18,983 | ERROR   | main | NaN loss detected at step 3
2026-09-16 01:45:19,513 | ERROR   | main | NaN loss detected at step 3
2026-09-16 01:45:20,001 | ERROR   | main | NaN loss detected at step 3
2026-09-16 01:45:20,489 | ERROR   | main | NaN loss detected at step 3
2026-09-16 01:45:20,977 | ERROR   | main | NaN loss detected at step 3
2026-09-16 01:45:21,512 | ERROR   | main | NaN loss detected at step 3
2026-09-16 01:45:22,000 | ERROR   | main | NaN loss detected at step 3
2026-09-16 01:45:22,487 | ERROR   | main | NaN loss detected at step 3
2026-09-16 01:45:22,976 | ERROR   | main | NaN loss detected at step 3
2026-09-16 01:45:23,464 | ERROR   | main | NaN loss detected at step 3
2026-09-16 01:45:23,996 | ERROR   | main | NaN loss detected at step 3
2026-09-16 01:45:24,483 | ERROR   | main | NaN loss detected at step 3
2026-09-16 01:45:24,970 | ERROR   | main | NaN loss detected at step 3
2026-09-16 01:45:25,459 | ERROR   | main | NaN loss detected at step 3
2026-09-16 01:45:25,994 | ERROR   | main | NaN loss detected at step 3
2026-09-16 01:45:26,483 | ERROR   | main | NaN loss detected at step 3
2026-09-16 01:45:26,971 | ERROR   | main | NaN loss detected at step 3
2026-09-16 01:45:27,460 | ERROR   | main | NaN loss detected at step 3
2026-09-16 01:45:27,995 | ERROR   | main | NaN loss detected at step 3
2026-09-16 01:45:28,483 | ERROR   | main | NaN loss detected at step 3
2026-09-16 01:45:28,970 | ERROR   | main | NaN loss detected at step 3
2026-09-16 01:45:29,458 | ERROR   | main | NaN loss detected at step 3
2026-09-16 01:45:29,947 | ERROR   | main | NaN loss detected at step 3
2026-09-16 01:45:30,479 | ERROR   | main | NaN loss detected at step 3
2026-09-16 01:45:30,968 | ERROR   | main | NaN loss detected at step 3
2026-09-16 01:45:31,456 | ERROR   | main | NaN loss detected at step 3
2026-09-16 01:45:31,945 | ERROR   | main | NaN loss detected at step 3
2026-09-16 01:45:32,478 | ERROR   | main | NaN loss detected at step 3
2026-09-16 01:45:32,967 | ERROR   | main | NaN loss detected at step 3
2026-09-16 01:45:33,456 | ERROR   | main | NaN loss detected at step 3
2026-09-16 01:45:33,945 | ERROR   | main | NaN loss detected at step 3
2026-09-16 01:45:34,479 | ERROR   | main | NaN loss detected at step 3
2026-09-16 01:45:34,967 | ERROR   | main | NaN loss detected at step 3
2026-09-16 01:45:35,457 | ERROR   | main | NaN loss detected at step 3
2026-09-16 01:45:35,945 | ERROR   | main | NaN loss detected at step 3
2026-09-16 01:45:36,479 | ERROR   | main | NaN loss detected at step 3
2026-09-16 01:45:36,967 | ERROR   | main | NaN loss detected at step 3
2026-09-16 01:45:37,456 | ERROR   | main | NaN loss detected at step 3
2026-09-16 01:45:37,944 | ERROR   | main | NaN loss detected at step 3
2026-09-16 01:45:38,432 | ERROR   | main | NaN loss detected at step 3
2026-09-16 01:45:38,963 | ERROR   | main | NaN loss detected at step 3
2026-09-16 01:45:39,452 | ERROR   | main | NaN loss detected at step 3
2026-09-16 01:45:39,940 | ERROR   | main | NaN loss detected at step 3
2026-09-16 01:45:40,429 | ERROR   | main | NaN loss detected at step 3
2026-09-16 01:45:40,963 | ERROR   | main | NaN loss detected at step 3
2026-09-16 01:45:41,451 | ERROR   | main | NaN loss detected at step 3
2026-09-16 01:45:41,939 | ERROR   | main | NaN loss detected at step 3
2026-09-16 01:45:42,427 | ERROR   | main | NaN loss detected at step 3
2026-09-16 01:45:42,915 | ERROR   | main | NaN loss detected at step 3
2026-09-16 01:45:43,445 | ERROR   | main | NaN loss detected at step 3
2026-09-16 01:45:43,932 | ERROR   | main | NaN loss detected at step 3
2026-09-16 01:45:44,420 | ERROR   | main | NaN loss detected at step 3
2026-09-16 01:45:44,908 | ERROR   | main | NaN loss detected at step 3
2026-09-16 01:45:45,445 | ERROR   | main | NaN loss detected at step 3
2026-09-16 01:45:45,883 | ERROR   | main | NaN loss detected at step 3
2026-09-16 01:45:46,321 | ERROR   | main | NaN loss detected at step 3
2026-09-16 01:45:46,760 | ERROR   | main | NaN loss detected at step 3
2026-09-16 01:45:47,199 | ERROR   | main | NaN loss detected at step 3
2026-09-16 01:45:47,638 | ERROR   | main | NaN loss detected at step 3
2026-09-16 01:45:48,129 | ERROR   | main | NaN loss detected at step 3
2026-09-16 01:45:48,567 | ERROR   | main | NaN loss detected at step 3
2026-09-16 01:45:49,007 | ERROR   | main | NaN loss detected at step 3
2026-09-16 01:45:49,445 | ERROR   | main | NaN loss detected at step 3
2026-09-16 01:45:49,884 | ERROR   | main | NaN loss detected at step 3
2026-09-16 01:45:50,413 | ERROR   | main | NaN loss detected at step 3
2026-09-16 01:45:50,901 | ERROR   | main | NaN loss detected at step 3
2026-09-16 01:45:51,390 | ERROR   | main | NaN loss detected at step 3
2026-09-16 01:45:51,878 | ERROR   | main | NaN loss detected at step 3
2026-09-16 01:45:52,411 | ERROR   | main | NaN loss detected at step 3
2026-09-16 01:45:52,850 | ERROR   | main | NaN loss detected at step 3
2026-09-16 01:45:53,289 | ERROR   | main | NaN loss detected at step 3
2026-09-16 01:45:53,726 | ERROR   | main | NaN loss detected at step 3
2026-09-16 01:45:54,165 | ERROR   | main | NaN loss detected at step 3
2026-09-16 01:45:54,602 | ERROR   | main | NaN loss detected at step 3
2026-09-16 01:45:55,097 | ERROR   | main | NaN loss detected at step 3
2026-09-16 01:45:55,535 | ERROR   | main | NaN loss detected at step 3
2026-09-16 01:45:55,974 | ERROR   | main | NaN loss detected at step 3
2026-09-16 01:45:56,412 | ERROR   | main | NaN loss detected at step 3
2026-09-16 01:45:56,851 | ERROR   | main | NaN loss detected at step 3
2026-09-16 01:45:57,385 | ERROR   | main | NaN loss detected at step 3
2026-09-16 01:45:57,873 | ERROR   | main | NaN loss detected at step 3
2026-09-16 01:45:58,361 | ERROR   | main | NaN loss detected at step 3
2026-09-16 01:45:58,849 | ERROR   | main | NaN loss detected at step 3
2026-09-16 01:45:59,378 | ERROR   | main | NaN loss detected at step 3
2026-09-16 01:45:59,817 | ERROR   | main | NaN loss detected at step 3
2026-09-16 01:46:00,257 | ERROR   | main | NaN loss detected at step 3
2026-09-16 01:46:00,695 | ERROR   | main | NaN loss detected at step 3
2026-09-16 01:46:01,134 | ERROR   | main | NaN loss detected at step 3
2026-09-16 01:46:01,573 | ERROR   | main | NaN loss detected at step 3
2026-09-16 01:46:02,063 | ERROR   | main | NaN loss detected at step 3
2026-09-16 01:46:02,502 | ERROR   | main | NaN loss detected at step 3
2026-09-16 01:46:02,940 | ERROR   | main | NaN loss detected at step 3
2026-09-16 01:46:03,379 | ERROR   | main | NaN loss detected at step 3
2026-09-16 01:46:03,818 | ERROR   | main | NaN loss detected at step 3
2026-09-16 01:46:04,296 | ERROR   | main | NaN loss detected at step 3
